time_s,ax_g,ay_g,az_g,gx_dps,gy_dps,gz_dps,roll_deg,pitch_deg,yaw_deg
0.000,0.033401,1.001555,0.052764,-0.50,0.29,-0.95,86.98,-1.91,0.00
0.010,0.075032,1.010269,0.035822,-0.62,-0.27,-0.41,87.02,-2.00,-0.00
0.020,0.089070,0.991390,0.035338,-0.37,-0.05,0.78,87.05,-2.13,0.00
0.030,0.076968,1.003492,0.040178,-0.11,0.28,0.70,87.08,-2.22,0.01
0.040,0.034369,0.977836,0.043567,-0.08,0.02,-0.12,87.09,-2.21,0.01
0.050,0.001936,1.113377,0.044535,0.06,-0.24,-0.36,87.12,-2.13,0.01
0.060,0.040662,1.032052,0.046471,-0.50,0.34,-0.65,87.12,-2.13,-0.00
0.070,0.054701,0.951211,0.046471,0.29,-0.19,-0.15,87.13,-2.18,-0.00
0.080,0.116663,1.039797,0.043567,0.20,-0.14,0.51,87.15,-2.35,0.00
0.090,0.100204,0.980256,0.036306,0.26,0.08,0.51,87.18,-2.48,0.01
0.100,0.054701,0.982676,0.040662,0.23,0.04,0.02,87.20,-2.51,0.01
0.110,0.038242,1.001071,0.037758,0.16,-0.15,-0.25,87.23,-2.50,0.01
0.120,0.071643,0.991874,0.033401,0.12,-0.11,-0.07,87.26,-2.57,0.01
0.130,0.115694,0.996231,0.036306,0.09,0.08,0.05,87.29,-2.73,0.01
0.140,0.117147,0.988001,0.034369,0.04,0.03,0.15,87.32,-2.89,0.01
0.150,0.052764,0.996231,0.037274,-0.07,-0.08,0.19,87.34,-2.90,0.01
0.160,0.007261,0.991874,0.037758,-0.03,-0.06,0.23,87.36,-2.80,0.01
0.170,0.033401,0.988485,0.040662,-0.02,0.05,-0.09,87.37,-2.76,0.01
0.180,0.104561,0.984129,0.038242,0.01,-0.06,-0.33,87.39,-2.89,0.01
0.190,0.136026,0.996715,0.038726,0.06,-0.01,-0.11,87.40,-3.09,0.01
0.200,0.104077,0.990422,0.043083,0.11,0.03,0.34,87.41,-3.21,0.01
0.210,0.061478,0.999619,0.041631,0.08,-0.04,0.37,87.42,-3.22,0.01
0.220,0.041631,0.975899,0.037758,0.17,-0.03,-0.06,87.43,-3.19,0.01
0.230,0.060026,0.986065,0.037274,0.15,-0.01,-0.26,87.45,-3.20,0.01
0.240,0.095363,0.988001,0.031465,-0.01,-0.07,-0.17,87.48,-3.29,0.01
0.250,0.133605,0.987033,0.029529,0.10,-0.06,0.07,87.51,-3.47,0.01
0.260,0.106013,0.992842,0.031949,-0.07,0.06,0.18,87.54,-3.57,0.01
0.270,0.066319,0.986549,0.033885,-0.11,0.03,0.10,87.56,-3.58,0.01
0.280,0.048408,0.999135,0.037274,-0.17,0.02,-0.01,87.57,-3.55,0.01
0.290,0.041631,0.984129,0.037758,-0.07,-0.01,-0.06,87.58,-3.51,0.01
0.300,0.100204,0.992842,0.036790,-0.07,-0.04,-0.13,87.59,-3.60,0.01
0.310,0.130701,0.982192,0.040662,-0.15,0.02,-0.04,87.59,-3.76,0.01
0.320,0.092943,0.992358,0.045019,0.03,0.05,0.16,87.58,-3.82,0.01
0.330,0.048408,0.994778,0.044051,0.07,-0.03,0.19,87.58,-3.78,0.01
0.340,0.065350,1.000587,0.046471,0.13,0.01,-0.03,87.57,-3.78,0.01
0.350,0.055669,0.997683,0.040662,0.16,0.07,-0.10,87.57,-3.75,0.01
0.360,0.076484,0.990422,0.041631,0.17,0.01,-0.13,87.58,-3.78,0.01
0.370,0.123924,0.996715,0.039210,0.09,-0.04,-0.04,87.58,-3.91,0.01
0.380,0.088102,0.990422,0.034369,0.18,-0.06,0.11,87.60,-3.96,0.01
0.390,0.036306,0.992358,0.034369,0.09,-0.00,0.15,87.62,-3.88,0.01
0.400,0.049376,0.999135,0.034854,-0.20,0.08,-0.01,87.63,-3.84,0.01
0.410,0.060994,0.994778,0.038726,-0.10,0.01,-0.12,87.64,-3.83,0.01
0.420,0.045019,1.002524,0.037758,-0.02,-0.09,-0.12,87.65,-3.78,0.01
0.430,0.075516,0.993810,0.038242,-0.15,-0.06,-0.10,87.65,-3.80,0.01
0.440,0.106013,0.997199,0.037758,-0.24,0.05,-0.12,87.66,-3.89,0.01
0.450,0.038726,0.990906,0.047924,-0.62,0.42,0.16,87.63,-3.82,0.01
0.460,0.038242,1.044638,0.055669,0.20,-0.12,0.82,87.61,-3.75,0.02
0.470,0.077452,0.976383,0.053733,0.12,-0.27,-0.02,87.58,-3.79,0.02
0.480,0.030981,0.996231,0.045019,0.67,0.08,-0.54,87.58,-3.71,0.01
0.490,0.023720,1.004944,0.038242,0.25,0.15,-0.28,87.59,-3.61,0.01
0.500,0.044051,0.992358,0.039210,0.24,-0.01,0.25,87.60,-3.57,0.01
0.510,0.030497,0.997683,0.028561,0.34,-0.20,0.27,87.63,-3.50,0.01
0.520,0.087618,0.973963,0.034369,-0.38,0.43,0.14,87.64,-3.56,0.02
0.530,0.059057,0.978804,0.036790,-0.77,-0.23,0.16,87.64,-3.56,0.02
0.540,0.028561,1.021403,0.043083,-0.61,-0.03,-0.15,87.63,-3.48,0.02
0.550,0.044535,1.014625,0.036306,-0.46,0.62,-0.31,87.64,-3.43,0.01
0.560,-0.008713,1.018498,0.046955,-0.22,0.19,0.11,87.63,-3.27,0.01
0.570,0.008713,0.988485,0.041631,-0.17,-0.35,0.22,87.63,-3.17,0.02
0.580,0.047924,0.999135,0.043083,-0.16,-0.09,-0.12,87.62,-3.15,0.02
0.590,0.000484,0.997683,0.044051,0.04,0.33,-0.11,87.62,-3.02,0.01
0.600,-0.009682,1.005428,0.041147,0.00,-0.05,0.04,87.62,-2.88,0.01
0.610,0.001936,0.990422,0.038726,0.07,-0.21,0.10,87.62,-2.77,0.02
0.620,0.002420,0.868434,0.033885,0.09,-0.00,-0.03,87.63,-2.67,0.02
0.630,0.035338,0.990906,0.038726,-0.07,0.20,-0.17,87.63,-2.64,0.01
0.640,0.004841,1.006880,0.042115,-0.05,-0.01,-0.12,87.63,-2.55,0.01
0.650,0.003873,1.002039,0.043083,-0.20,0.03,-0.08,87.63,-2.45,0.01
0.660,-0.002420,0.944434,0.043083,1.17,-0.20,0.67,87.63,-2.35,0.02
0.670,-0.001452,1.027696,0.032917,0.02,-0.12,0.53,87.65,-2.25,0.02
0.680,-0.004841,0.945887,0.031949,0.19,-0.07,-0.30,87.67,-2.15,0.02
0.690,-0.037274,1.005912,0.037274,0.12,-0.00,-0.39,87.68,-1.98,0.02
0.700,-0.039694,0.996231,0.036306,0.12,0.01,0.06,87.69,-1.81,0.02
0.710,-0.013070,0.992842,0.036790,0.11,-0.06,0.29,87.70,-1.71,0.02
0.720,-0.008229,0.992842,0.037758,0.10,-0.00,-0.08,87.70,-1.62,0.02
0.730,-0.005325,0.991874,0.040662,0.10,0.03,-0.20,87.70,-1.54,0.02
0.740,-0.040178,1.004460,0.042115,0.15,-0.00,0.08,87.70,-1.39,0.02
0.750,-0.038242,0.994294,0.042115,0.16,-0.05,0.18,87.70,-1.25,0.02
0.760,-0.027592,0.997683,0.041631,0.12,0.06,0.08,87.69,-1.13,0.02
0.770,-0.021299,1.000587,0.035822,0.25,0.27,0.16,87.71,-1.04,0.02
0.780,-0.015490,0.996231,0.040178,0.17,0.03,0.19,87.71,-0.96,0.02
0.790,-0.008229,0.984129,0.032433,0.23,-0.28,-0.18,87.73,-0.91,0.02
0.800,-0.029529,0.994778,0.039694,0.07,-0.15,-0.17,87.73,-0.80,0.02
0.810,-0.037758,0.990422,0.044051,0.22,0.05,0.16,87.72,-0.68,0.02
0.820,-0.028561,0.994294,0.044535,0.18,0.03,0.21,87.71,-0.59,0.02
0.830,-0.016459,0.988969,0.043567,0.10,-0.12,-0.10,87.70,-0.53,0.02
0.840,-0.015975,1.004944,0.039210,0.32,-0.04,-0.18,87.71,-0.47,0.02
0.850,-0.029529,1.003976,0.034369,0.17,0.04,0.06,87.72,-0.39,0.02
0.860,-0.026140,0.993810,0.037758,0.15,-0.00,0.27,87.73,-0.31,0.03
0.870,-0.027108,0.974931,0.036790,0.14,-0.18,0.08,87.73,-0.24,0.03
0.880,-0.023720,1.113861,0.039694,0.02,-0.22,-0.36,87.74,-0.18,0.02
0.890,-0.028561,1.001555,0.034854,-0.02,0.02,-0.13,87.75,-0.11,0.02
0.900,-0.027108,0.997683,0.038242,0.14,0.11,0.30,87.75,-0.04,0.02
0.910,-0.003873,0.991390,0.039694,0.04,-0.00,0.23,87.75,-0.03,0.03
0.920,-0.021299,0.984613,0.040178,0.05,-0.12,-0.04,87.75,0.02,0.03
0.930,-0.040178,0.993326,0.038242,-0.03,0.01,-0.04,87.75,0.11,0.03
0.940,-0.029529,0.987517,0.039210,0.03,0.01,0.15,87.75,0.18,0.03
0.950,-0.020331,0.996715,0.038242,0.01,-0.05,0.12,87.75,0.22,0.03
0.960,0.000968,0.987033,0.035822,0.06,-0.08,-0.04,87.76,0.20,0.03
0.970,0.011134,1.002524,0.038726,0.11,0.04,0.02,87.76,0.17,0.03
0.980,0.015490,1.032536,0.034854,0.36,0.03,-0.30,87.78,0.13,0.03
0.990,-0.026140,0.892154,0.025656,-0.20,-0.22,-0.54,87.80,0.19,0.02
1.000,-0.021299,1.031568,0.037274,0.08,-0.18,0.35,87.81,0.23,0.02
1.010,-0.015490,1.007848,0.034854,-0.10,0.18,0.69,87.81,0.26,0.03
1.020,-0.050344,0.973479,0.035338,0.11,0.02,0.21,87.82,0.36,0.03
1.030,-0.043567,0.987033,0.037758,0.11,-0.16,-0.44,87.82,0.45,0.03
1.040,0.093911,0.988485,0.033401,0.29,-0.11,-0.45,87.83,0.21,0.02
1.050,0.091491,0.988485,0.030981,0.32,-0.02,0.09,87.85,-0.01,0.02
1.060,0.059541,0.977836,0.035822,0.25,0.02,0.57,87.85,-0.15,0.03
1.070,-0.034369,0.996715,0.038242,0.19,-0.06,0.54,87.85,-0.06,0.04
1.080,-0.052280,0.974931,0.032433,0.05,-0.11,-0.06,87.86,0.06,0.03
1.090,-0.009197,0.987033,0.033885,0.12,-0.05,-0.33,87.87,0.08,0.03
1.100,0.059541,1.001071,0.038242,0.17,-0.06,-0.02,87.87,-0.06,0.03
1.110,0.105045,0.932816,0.017427,0.92,0.21,0.02,87.92,-0.31,0.03
1.120,0.075516,0.968154,0.025172,0.39,-0.02,-0.33,87.95,-0.48,0.03
1.130,-0.007261,1.004944,0.029529,-0.05,-0.48,0.01,87.96,-0.45,0.03
1.140,-0.023236,0.985097,0.028076,-0.05,0.01,0.45,87.98,-0.37,0.03
1.150,0.055669,0.977836,0.038242,-0.04,0.33,0.01,87.97,-0.49,0.03
1.160,0.102624,0.985581,0.040662,0.13,-0.06,-0.43,87.96,-0.71,0.03
1.170,0.080357,0.999619,0.034854,0.18,-0.37,-0.09,87.96,-0.86,0.03
1.180,0.051796,0.983645,0.030981,-0.36,0.43,-0.30,87.97,-0.95,0.02
1.190,0.024204,0.961377,0.038242,0.49,-0.20,0.14,87.96,-0.97,0.03
1.200,0.041147,1.036409,0.035822,0.11,-0.21,0.38,87.97,-1.02,0.03
1.210,0.062930,0.963313,0.030013,0.25,0.03,0.09,87.98,-1.13,0.03
1.220,0.106981,0.996231,0.032433,0.08,0.17,-0.27,87.99,-1.33,0.03
1.230,0.104077,0.995262,0.036790,-0.01,-0.08,-0.05,87.98,-1.52,0.03
1.240,0.090038,0.995746,0.037274,0.11,-0.12,0.29,87.98,-1.66,0.03
1.250,0.089070,0.988001,0.033885,0.18,0.05,0.15,87.98,-1.80,0.03
1.260,0.118115,0.983160,0.041147,-0.09,0.04,-0.20,87.97,-2.00,0.03
1.270,0.023236,1.000103,0.040662,-0.10,-0.06,0.13,87.95,-1.98,0.03
1.280,-0.018395,0.996715,0.044051,-0.01,-0.00,0.37,87.93,-1.85,0.04
1.290,0.048892,0.987033,0.039694,0.03,0.07,-0.14,87.92,-1.89,0.03
1.300,0.133121,0.985097,0.040662,0.17,-0.06,-0.49,87.91,-2.13,0.03
1.310,0.146191,1.001071,0.036790,0.07,-0.11,-0.15,87.91,-2.37,0.03
1.320,0.087618,0.992358,0.035822,0.14,-0.00,0.51,87.92,-2.48,0.03
1.330,0.049376,0.994778,0.037274,0.08,0.10,0.47,87.91,-2.49,0.04
1.340,0.044535,0.983645,0.039210,0.08,-0.05,-0.09,87.91,-2.50,0.04
1.350,0.069707,0.990906,0.036306,0.08,-0.08,-0.36,87.91,-2.56,0.03
1.360,0.091006,0.997199,0.033401,-0.01,0.06,-0.06,87.91,-2.67,0.03
1.370,0.128764,0.993810,0.035338,-0.03,0.09,0.22,87.92,-2.85,0.03
1.380,0.117147,0.993810,0.039694,-0.10,0.01,0.16,87.91,-3.01,0.04
1.390,0.074548,1.001555,0.039210,-0.02,0.03,0.02,87.90,-3.06,0.04
1.400,0.050344,0.997683,0.035822,0.00,0.05,-0.07,87.90,-3.05,0.04
1.410,0.074548,0.991874,0.039694,-0.10,0.05,-0.06,87.89,-3.10,0.03
1.420,0.088102,0.994778,0.041631,-0.13,0.07,-0.05,87.88,-3.18,0.03
1.430,0.107465,0.997199,0.042599,-0.12,0.04,-0.03,87.87,-3.30,0.03
1.440,0.098752,0.993810,0.042599,0.06,-0.06,0.10,87.85,-3.39,0.03
1.450,0.056637,0.988485,0.040662,0.11,0.01,0.17,87.85,-3.39,0.04
1.460,0.063414,0.982676,0.044051,0.02,-0.02,0.08,87.83,-3.40,0.04
1.470,0.043083,0.986549,0.035822,0.25,-0.05,-0.06,87.84,-3.36,0.04
1.480,0.091491,0.988969,0.037758,0.18,0.01,-0.12,87.84,-3.44,0.04
1.490,0.118599,0.993810,0.035822,0.11,-0.05,-0.03,87.84,-3.57,0.04
1.500,0.073580,0.997199,0.033885,0.16,-0.11,0.17,87.85,-3.60,0.04
1.510,0.046955,0.993326,0.032917,0.06,0.04,0.14,87.86,-3.56,0.04
1.520,0.064382,0.990906,0.034369,-0.02,0.04,-0.05,87.87,-3.57,0.04
1.530,0.028561,0.990906,0.034369,0.04,-0.06,-0.11,87.88,-3.49,0.04
1.540,0.068255,0.995746,0.035338,0.02,-0.06,-0.05,87.88,-3.51,0.04
1.550,0.106981,0.992842,0.036790,-0.04,0.01,-0.08,87.88,-3.62,0.04
1.560,0.071643,0.991390,0.039694,-0.10,-0.03,-0.10,87.87,-3.64,0.03
1.570,0.059057,0.988485,0.039694,-0.69,0.41,0.09,87.86,-3.63,0.04
1.580,0.054701,1.064485,0.070675,-0.08,-0.11,0.80,87.79,-3.60,0.04
1.590,0.012586,0.968638,0.051312,0.23,-0.29,0.31,87.76,-3.49,0.05
1.600,0.027108,1.000587,0.046471,0.48,0.22,-0.53,87.75,-3.41,0.04
1.610,0.050344,1.016562,0.039210,-0.14,0.08,-0.40,87.75,-3.38,0.04
1.620,0.017911,0.997683,0.036790,0.18,-0.12,0.24,87.76,-3.29,0.04
1.630,0.078420,0.991390,0.031949,0.16,0.01,0.26,87.77,-3.34,0.04
1.640,0.081809,0.981224,0.038726,-0.31,-1.79,0.29,87.77,-3.41,0.05
1.650,0.005809,0.961861,0.033885,-0.72,-0.70,0.33,87.77,-3.30,0.05
1.660,0.030981,1.002524,0.041147,-0.71,0.06,-0.26,87.76,-3.24,0.05
1.670,0.011618,1.013657,0.045503,-0.18,0.56,-0.41,87.74,-3.13,0.04
1.680,-0.036306,0.991874,0.037758,-0.03,0.06,0.12,87.75,-2.92,0.04
1.690,0.055669,0.980256,0.035822,-0.15,-0.32,0.14,87.75,-2.93,0.04
1.700,0.040662,0.990422,0.034854,-0.04,-0.05,-0.05,87.76,-2.91,0.04
1.710,-0.000484,0.991874,0.039694,0.03,0.24,-0.09,87.76,-2.79,0.04
1.720,0.003873,0.997683,0.041631,0.01,0.01,0.01,87.75,-2.69,0.04
1.730,-0.023236,0.987517,0.038726,0.15,-0.21,0.12,87.75,-2.53,0.04
1.740,0.031949,0.988001,0.036790,0.05,-0.05,-0.06,87.76,-2.50,0.04
1.750,0.037274,0.995262,0.037274,0.12,0.18,-0.14,87.76,-2.49,0.04
1.760,-0.006293,1.004460,0.035822,0.13,-0.07,-0.11,87.77,-2.37,0.04
1.770,-0.002420,0.990422,0.038726,-0.07,-0.06,-0.11,87.77,-2.27,0.04
1.780,-0.035822,0.934269,0.038242,1.36,-0.22,0.72,87.78,-2.10,0.05
1.790,-0.017427,0.971543,0.019363,-0.10,-0.13,0.58,87.82,-1.97,0.05
1.800,-0.001936,0.941046,0.030981,0.07,-0.06,-0.38,87.83,-1.89,0.05
1.810,-0.022752,1.007364,0.040662,0.09,0.18,-0.50,87.83,-1.76,0.04
1.820,-0.029045,1.000103,0.041147,0.12,-0.01,0.06,87.82,-1.62,0.04
1.830,0.001452,0.993810,0.036306,0.03,-0.19,0.39,87.83,-1.56,0.05
1.840,-0.010650,0.999619,0.038242,-0.01,0.05,0.14,87.83,-1.48,0.05
1.850,-0.030497,0.985097,0.039694,0.08,0.08,-0.24,87.82,-1.35,0.05
1.860,-0.035338,1.000103,0.037758,0.06,-0.13,-0.11,87.82,-1.21,0.05
1.870,-0.041147,0.993810,0.035338,0.14,-0.08,0.16,87.83,-1.07,0.05
1.880,-0.009682,0.990906,0.032917,0.13,0.04,0.09,87.84,-1.00,0.05
1.890,-0.006293,0.988969,0.032433,0.11,0.20,0.11,87.85,-0.95,0.05
1.900,-0.013554,0.991390,0.031465,0.11,0.14,0.16,87.87,-0.88,0.05
1.910,-0.027592,0.966702,0.041147,-0.17,-0.15,0.07,87.85,-0.78,0.05
1.920,-0.028076,0.999135,0.048892,2.13,-0.26,-0.21,87.85,-0.69,0.05
1.930,-0.039694,0.996715,0.040178,0.11,0.05,-0.12,87.84,-0.57,0.05
1.940,-0.028076,0.997683,0.043567,0.25,0.12,0.18,87.83,-0.48,0.05
1.950,-0.003389,0.992842,0.040178,0.34,-0.11,0.07,87.83,-0.45,0.05
1.960,-0.022268,0.991390,0.037274,0.33,-0.10,-0.01,87.83,-0.38,0.05
1.970,-0.032433,0.989938,0.029045,0.21,-0.05,-0.00,87.85,-0.29,0.05
1.980,-0.042599,1.001071,0.031465,-0.05,0.15,0.18,87.87,-0.18,0.05
1.990,-0.022752,0.995262,0.037758,0.01,-0.13,-0.09,87.87,-0.12,0.05
2.000,-0.024204,0.995746,0.035822,-0.02,-0.30,-0.40,87.87,-0.07,0.05
2.010,-0.022268,1.000103,0.035822,-0.01,0.08,-0.04,87.87,-0.01,0.05
2.020,-0.003873,1.000103,0.038726,-0.03,0.22,0.34,87.87,-0.00,0.05
2.030,-0.011134,0.989453,0.042599,0.00,-0.13,0.20,87.86,0.02,0.05
2.040,-0.021299,0.988485,0.039694,0.04,-0.19,-0.06,87.85,0.07,0.05
2.050,-0.030013,0.991390,0.040178,0.13,0.10,-0.04,87.84,0.14,0.05
2.060,-0.028561,0.995746,0.040178,0.17,0.01,0.09,87.84,0.20,0.05
2.070,0.001452,0.991390,0.037758,0.11,-0.15,0.07,87.84,0.19,0.05
2.080,0.007745,0.988001,0.036306,0.12,-0.01,0.02,87.84,0.16,0.05
2.090,-0.004357,0.992358,0.038242,0.18,0.11,0.05,87.84,0.16,0.06
2.100,0.001452,1.032536,0.041147,0.48,0.09,-0.30,87.84,0.16,0.05
2.110,-0.055669,0.896995,0.031465,-0.26,-0.20,-0.63,87.85,0.29,0.05
2.120,-0.025656,1.032536,0.032917,0.21,-0.21,0.23,87.86,0.33,0.05
2.130,0.000000,1.009301,0.033885,-0.16,0.06,0.67,87.87,0.32,0.05
2.140,0.000000,0.977836,0.032917,0.03,0.15,0.10,87.88,0.31,0.06
2.150,-0.030013,0.987033,0.039694,-0.15,-0.03,-0.30,87.87,0.37,0.05
2.160,-0.002420,0.993810,0.038242,-0.08,-0.19,-0.24,87.86,0.35,0.05
2.170,0.102140,0.985581,0.038726,-0.09,0.08,-0.06,87.86,0.10,0.05
2.180,0.106981,0.993326,0.042115,0.05,0.12,0.18,87.85,-0.14,0.05
2.190,0.017427,1.001071,0.044535,0.25,-0.11,0.37,87.83,-0.18,0.06
2.200,-0.011134,0.995262,0.045503,0.24,-0.13,0.16,87.82,-0.15,0.06
2.210,-0.032433,0.991390,0.039694,0.38,-0.07,-0.02,87.82,-0.07,0.06
2.220,0.014038,0.996231,0.036306,0.18,-0.12,-0.10,87.82,-0.10,0.06
2.230,0.107949,0.943950,0.020331,0.78,0.30,-0.21,87.87,-0.35,0.05
2.240,0.088586,0.980256,0.019847,0.30,0.07,-0.48,87.91,-0.54,0.05
2.250,0.033885,0.986065,0.023236,-0.21,-0.53,0.17,87.94,-0.61,0.05
2.260,0.013070,0.988969,0.028561,0.06,0.07,0.64,87.95,-0.61,0.06
2.270,0.024204,0.978320,0.035338,0.11,0.36,0.16,87.95,-0.64,0.06
2.280,0.043083,0.972511,0.045987,0.05,-0.08,-0.41,87.93,-0.72,0.05
2.290,0.073580,0.991390,0.040662,0.11,-0.35,-0.29,87.92,-0.86,0.05
2.300,0.105529,1.007364,0.039210,-0.31,0.36,-0.45,87.91,-1.06,0.05
2.310,0.040178,0.949759,0.043083,0.29,-0.19,0.08,87.89,-1.12,0.05
2.320,0.057605,1.048027,0.042599,-0.03,-0.15,0.54,87.88,-1.20,0.05
2.330,0.080357,0.967670,0.033401,0.25,0.08,0.30,87.89,-1.34,0.06
2.340,0.073096,0.985581,0.032917,0.25,0.07,-0.19,87.90,-1.46,0.05
2.350,0.095363,0.984613,0.031949,0.06,-0.05,-0.26,87.91,-1.62,0.05
2.360,0.121503,0.990906,0.030497,0.11,-0.07,0.10,87.93,-1.84,0.05
2.370,0.044535,1.002039,0.031949,0.11,0.01,0.44,87.94,-1.86,0.06
2.380,-0.010166,0.983160,0.035338,0.06,0.04,0.31,87.94,-1.77,0.06
2.390,0.023236,0.986549,0.036790,-0.03,-0.00,-0.22,87.93,-1.75,0.06
2.400,0.076000,0.991390,0.041147,-0.01,-0.15,-0.36,87.92,-1.86,0.05
2.410,0.132637,0.993326,0.036790,0.03,-0.06,-0.12,87.92,-2.09,0.05
2.420,0.127796,0.990906,0.037274,0.10,0.10,0.24,87.92,-2.30,0.06
2.430,0.082293,0.994294,0.040178,0.06,-0.01,0.35,87.91,-2.39,0.06
2.440,0.028561,0.986549,0.041147,0.14,-0.07,0.16,87.90,-2.36,0.06
2.450,0.031465,0.991390,0.042599,0.15,-0.01,-0.14,87.89,-2.34,0.06
2.460,0.074548,0.996715,0.042599,0.21,-0.02,-0.24,87.87,-2.42,0.06
2.470,0.128280,0.996231,0.039210,0.15,-0.06,-0.09,87.87,-2.62,0.06
2.480,0.120535,0.988969,0.032917,0.15,-0.02,0.16,87.88,-2.79,0.06
2.490,0.097299,0.999619,0.030013,-0.02,0.01,0.26,87.90,-2.90,0.06
2.500,0.053733,0.996231,0.031465,-0.06,0.03,0.15,87.91,-2.91,0.06
2.510,0.045503,0.990422,0.031949,0.03,0.01,-0.08,87.92,-2.90,0.06
2.520,0.074548,0.998167,0.033885,-0.18,-0.02,-0.20,87.92,-2.95,0.06
2.530,0.104077,0.996231,0.035338,-0.22,0.12,-0.06,87.92,-3.07,0.06
2.540,0.109885,0.996715,0.042115,-0.21,0.09,0.17,87.91,-3.20,0.06
2.550,0.088586,0.996715,0.046471,-0.15,-0.00,0.16,87.88,-3.27,0.06
2.560,0.063898,0.995746,0.045503,0.02,0.01,-0.00,87.86,-3.29,0.06
2.570,0.054217,0.987033,0.045019,0.09,0.05,-0.07,87.84,-3.28,0.06
2.580,0.070675,0.994294,0.046471,0.18,-0.00,-0.05,87.82,-3.31,0.06
2.590,0.083261,0.992842,0.039694,0.21,-0.11,0.06,87.82,-3.37,0.06
2.600,0.089554,0.988001,0.032917,0.28,-0.08,0.02,87.84,-3.45,0.06
2.610,0.065834,0.987033,0.030497,0.13,0.02,0.05,87.85,-3.46,0.06
2.620,0.036306,0.993326,0.035822,0.01,0.01,0.10,87.86,-3.41,0.06
2.630,0.039210,0.995262,0.035338,0.10,-0.06,0.10,87.86,-3.36,0.06
2.640,0.080357,0.984613,0.034854,-0.13,0.05,-0.12,87.86,-3.41,0.06
2.650,0.102624,1.003008,0.038242,-0.17,0.11,-0.13,87.86,-3.51,0.06
2.660,0.094879,1.002039,0.036790,0.02,-0.06,0.05,87.86,-3.58,0.06
2.670,0.067771,0.997199,0.037758,0.01,-0.05,0.09,87.86,-3.60,0.06
2.680,0.051312,1.003008,0.041631,-0.29,0.04,-0.10,87.85,-3.57,0.06
2.690,0.034369,0.992358,0.048408,-0.58,0.36,-0.05,87.82,-3.50,0.06
2.700,0.015490,1.096434,0.066319,0.53,-0.27,0.67,87.77,-3.40,0.07
2.710,0.074548,0.971543,0.043083,0.32,-0.32,0.03,87.76,-3.44,0.07
2.720,0.071159,0.977352,0.037274,0.23,0.16,-0.41,87.77,-3.47,0.06
2.730,0.036790,1.008817,0.044535,0.18,0.10,-0.18,87.76,-3.41,0.06
2.740,0.017911,0.988001,0.041147,0.24,-0.16,0.30,87.75,-3.32,0.07
2.750,0.045503,1.003492,0.039210,0.06,-0.08,0.20,87.75,-3.29,0.07
2.760,0.059541,0.995262,0.041147,-0.10,0.50,0.13,87.75,-3.29,0.07
2.770,0.033885,0.992358,0.043567,-0.52,-0.48,0.27,87.73,-3.24,0.07
2.780,0.049860,1.023339,0.042599,-0.46,-0.12,-0.13,87.72,-3.22,0.07
2.790,0.027108,1.012689,0.037274,-0.30,0.50,-0.30,87.73,-3.15,0.07
2.800,0.012102,1.005428,0.040662,-0.03,0.27,0.03,87.73,-3.05,0.07
2.810,0.040178,0.984613,0.037758,-0.14,-0.31,0.06,87.73,-3.03,0.07
2.820,0.063898,0.988969,0.037758,-0.03,-0.08,-0.08,87.73,-3.05,0.07
2.830,0.036306,0.991874,0.038726,0.14,0.19,-0.05,87.73,-3.01,0.07
2.840,0.002420,0.986065,0.044051,0.16,-0.01,0.11,87.72,-2.90,0.07
2.850,-0.001452,0.994294,0.043083,0.06,-0.18,0.05,87.72,-2.78,0.07
2.860,-0.000968,0.988485,0.039210,0.04,-0.05,-0.08,87.72,-2.67,0.07
2.870,-0.007745,0.994294,0.038726,0.18,0.13,-0.12,87.72,-2.54,0.07
2.880,0.001452,1.002524,0.038726,0.04,-0.08,-0.12,87.72,-2.44,0.07
2.890,-0.002420,0.994294,0.040178,0.01,-0.00,-0.19,87.72,-2.34,0.06
2.900,-0.037274,0.995746,0.031465,1.29,-0.16,0.63,87.75,-2.16,0.07
2.910,-0.003389,0.991874,0.028561,-0.12,-0.09,0.41,87.78,-2.07,0.07
2.920,-0.020331,0.939109,0.029045,0.11,-0.07,-0.28,87.80,-1.94,0.07
2.930,-0.017911,1.007848,0.032917,0.16,0.05,-0.51,87.81,-1.82,0.07
2.940,-0.026624,0.995746,0.032917,0.08,-0.01,0.02,87.82,-1.69,0.07
2.950,-0.013554,0.995746,0.034854,0.11,-0.09,0.35,87.83,-1.59,0.07
2.960,0.005325,0.983160,0.038726,0.04,0.03,0.07,87.83,-1.54,0.07
2.970,-0.022752,0.988485,0.038726,-0.03,-0.05,-0.19,87.82,-1.42,0.07
2.980,-0.027108,1.009301,0.041147,-0.14,-0.02,-0.05,87.82,-1.30,0.07
2.990,-0.023236,1.000587,0.042115,-0.08,0.12,0.14,87.81,-1.20,0.07
3.000,-0.016943,0.994778,0.043567,0.11,0.09,0.02,87.80,-1.11,0.07
3.010,-0.010650,0.995262,0.043083,0.15,0.11,0.11,87.79,-1.04,0.07
3.020,-0.021783,0.989453,0.036306,0.21,0.08,0.32,87.79,-0.95,0.07
3.030,-0.036790,0.981224,0.036306,0.25,-0.20,0.08,87.80,-0.83,0.07
3.040,-0.044535,0.988969,0.037758,0.22,-0.23,-0.28,87.80,-0.69,0.07
3.050,-0.051796,1.003008,0.037274,0.24,0.02,-0.03,87.81,-0.55,0.07
3.060,-0.025656,0.994778,0.035822,0.24,-0.05,0.17,87.81,-0.47,0.07
3.070,0.001452,0.991874,0.031949,0.15,0.01,0.02,87.83,-0.45,0.07
3.080,-0.014522,0.986065,0.031465,0.08,0.01,-0.05,87.84,-0.40,0.07
3.090,-0.026140,1.003976,0.037758,-0.05,0.06,0.01,87.84,-0.32,0.07
3.100,-0.038726,0.996715,0.042599,-0.06,0.10,0.18,87.83,-0.22,0.08
3.110,-0.033401,0.991390,0.043567,0.06,-0.21,-0.09,87.82,-0.14,0.07
3.120,-0.021783,0.992358,0.040662,0.06,-0.36,-0.38,87.81,-0.08,0.07
3.130,-0.018395,0.998651,0.040178,0.05,0.15,-0.07,87.81,-0.04,0.07
3.140,-0.015490,1.001071,0.039210,0.05,0.24,0.33,87.81,0.00,0.07
3.150,-0.013070,0.872307,0.042115,0.00,-0.13,0.20,87.78,0.04,0.08
3.160,-0.024688,0.988001,0.035338,0.08,-0.19,-0.10,87.79,0.09,0.07
3.170,-0.032433,1.003008,0.033885,0.08,0.05,-0.02,87.80,0.16,0.07
3.180,-0.022268,0.994778,0.036306,0.06,0.13,0.09,87.81,0.21,0.07
3.190,-0.001452,0.996231,0.037758,0.04,-0.04,0.04,87.81,0.20,0.08
3.200,-0.000484,0.993810,0.035338,0.04,-0.17,-0.02,87.82,0.19,0.08
3.210,-0.004841,1.113861,0.033401,0.11,-0.06,0.07,87.83,0.19,0.08
3.220,0.004841,1.026727,0.038242,0.19,0.27,-0.21,87.84,0.18,0.07
3.230,-0.025656,0.907160,0.032917,0.12,-0.04,-0.71,87.84,0.24,0.07
3.240,-0.012586,1.029632,0.040662,0.07,-0.34,0.16,87.84,0.25,0.07
3.250,0.017911,1.014625,0.034854,-0.17,0.06,0.68,87.85,0.20,0.07
3.260,0.027108,0.971543,0.040178,0.01,0.15,0.04,87.84,0.13,0.08
3.270,0.000000,0.995262,0.042115,-0.07,-0.09,-0.33,87.83,0.12,0.07
3.280,-0.022268,0.992358,0.037758,-0.03,-0.20,-0.08,87.83,0.17,0.07
3.290,-0.011618,0.992358,0.037274,0.29,0.05,0.31,87.83,0.19,0.07
3.300,-0.014522,0.981708,0.033885,0.33,0.07,0.15,87.84,0.22,0.08
3.310,-0.020815,0.984129,0.030981,0.39,-0.16,-0.05,87.86,0.25,0.08
3.320,0.050828,0.985581,0.025656,0.33,-0.19,-0.16,87.89,0.12,0.07
3.330,0.115210,0.995746,0.031465,0.25,0.04,-0.09,87.90,-0.14,0.07
3.340,0.092943,0.994778,0.033401,0.27,0.01,0.24,87.91,-0.35,0.08
3.350,0.060026,0.955084,0.020331,0.45,0.18,0.29,87.95,-0.48,0.08
3.360,-0.017427,0.957988,0.028076,-0.19,0.22,-0.33,87.96,-0.42,0.07
3.370,-0.028561,0.980256,0.035822,-0.48,-0.33,-0.38,87.96,-0.34,0.07
3.380,0.048892,0.988001,0.039694,-0.25,-0.07,0.01,87.94,-0.44,0.07
3.390,0.116663,0.992358,0.035822,0.08,0.29,0.17,87.94,-0.68,0.07
3.400,0.108917,0.992358,0.042599,0.13,0.05,0.09,87.93,-0.91,0.07
3.410,0.059057,0.989938,0.035822,0.19,-0.25,0.16,87.93,-1.01,0.08
3.420,0.039694,1.019950,0.034854,-0.30,0.29,-0.44,87.93,-1.06,0.07
3.430,0.001452,0.955568,0.043083,0.14,-0.08,-0.26,87.91,-1.02,0.07
3.440,0.076000,1.039797,0.039210,-0.14,-0.11,0.23,87.91,-1.14,0.07
3.450,0.125376,0.974447,0.030981,-0.05,0.08,0.31,87.92,-1.39,0.07
3.460,0.108917,1.002039,0.040178,-0.08,0.15,0.05,87.91,-1.58,0.07
3.470,0.057605,0.988001,0.037274,0.02,-0.10,-0.01,87.91,-1.65,0.07
3.480,0.074548,0.996231,0.036790,-0.10,-0.13,0.05,87.91,-1.76,0.07
3.490,0.106981,0.989938,0.038242,0.02,0.10,0.02,87.90,-1.93,0.08
3.500,0.029045,0.988485,0.037274,0.06,0.07,0.17,87.90,-1.92,0.08
3.510,0.010650,0.989453,0.037274,0.04,-0.13,0.18,87.90,-1.87,0.08
3.520,0.080357,0.981224,0.038242,-0.05,0.03,-0.17,87.89,-1.98,0.08
3.530,0.125860,0.994778,0.037274,0.05,0.01,-0.35,87.89,-2.19,0.07
3.540,0.122956,0.990422,0.036790,0.08,-0.05,-0.04,87.89,-2.39,0.07
3.550,0.094879,0.996231,0.037274,0.09,0.01,0.39,87.89,-2.51,0.08
3.560,0.053733,0.987517,0.037758,0.00,0.02,0.31,87.89,-2.53,0.08
3.570,0.045503,0.985581,0.037758,0.10,-0.06,-0.15,87.88,-2.54,0.08
3.580,0.067771,0.995262,0.037274,0.19,0.02,-0.33,87.89,-2.59,0.08
3.590,0.103108,0.994294,0.031465,0.09,-0.07,-0.12,87.90,-2.73,0.07
3.600,0.118599,0.998167,0.033885,-0.02,-0.05,0.17,87.90,-2.89,0.08
3.610,0.113758,0.988485,0.035338,-0.05,0.07,0.23,87.91,-3.04,0.08
3.620,0.061478,0.997199,0.037758,-0.02,0.04,0.12,87.90,-3.05,0.08
3.630,0.033885,0.988969,0.036790,-0.05,-0.02,-0.05,87.90,-3.01,0.08
3.640,0.074064,0.980256,0.039694,0.04,0.02,-0.17,87.89,-3.06,0.08
3.650,0.110370,0.996715,0.039694,-0.05,0.01,-0.10,87.89,-3.19,0.08
3.660,0.092943,0.994778,0.038726,0.00,0.01,0.13,87.88,-3.28,0.08
3.670,0.101656,0.995746,0.039210,0.05,0.02,0.12,87.88,-3.38,0.08
3.680,0.082293,0.987033,0.037274,0.04,-0.05,-0.00,87.87,-3.44,0.08
3.690,0.046955,0.988001,0.035338,0.12,-0.05,-0.04,87.88,-3.41,0.08
3.700,0.055669,0.992842,0.038242,-0.06,0.08,-0.01,87.87,-3.40,0.08
3.710,0.102140,0.995262,0.038726,-0.13,0.07,-0.01,87.87,-3.50,0.08
3.720,0.112306,1.001555,0.043083,-0.12,-0.03,-0.03,87.85,-3.61,0.08
3.730,0.047924,0.991390,0.039210,-0.02,0.01,0.09,87.85,-3.58,0.08
3.740,0.058089,0.997683,0.042115,0.04,0.03,0.12,87.84,-3.57,0.08
3.750,0.070675,0.990906,0.041147,0.17,-0.02,-0.01,87.83,-3.59,0.08
3.760,0.050828,0.977352,0.037758,0.22,-0.08,-0.21,87.83,-3.57,0.08
3.770,0.064866,0.987033,0.031465,0.03,0.01,-0.06,87.85,-3.57,0.08
3.780,0.096815,0.994294,0.031949,-0.06,0.01,0.11,87.86,-3.65,0.08
3.790,0.039694,0.988969,0.032433,0.00,-0.06,0.12,87.87,-3.60,0.08
3.800,0.027592,0.989453,0.033885,0.01,-0.06,-0.17,87.88,-3.52,0.08
3.810,0.066319,0.971059,0.044051,-0.34,0.26,-0.04,87.85,-3.53,0.08
3.820,0.028076,1.080944,0.058573,1.02,-0.24,0.70,87.83,-3.45,0.08
3.830,0.072127,0.967186,0.032433,0.36,-0.37,0.24,87.84,-3.49,0.09
3.840,0.097784,0.968638,0.039694,0.41,0.12,-0.39,87.84,-3.58,0.08
3.850,0.011134,1.011237,0.046955,0.19,0.15,-0.22,87.82,-3.46,0.08
3.860,-0.020815,0.982676,0.038726,0.26,-0.13,0.19,87.82,-3.27,0.08
3.870,0.039694,0.996231,0.032917,0.10,-0.15,0.12,87.83,-3.23,0.08
3.880,0.034854,0.991874,0.038726,-0.16,0.48,0.16,87.83,-3.18,0.09
3.890,0.013070,0.973479,0.042115,-0.14,-0.47,0.30,87.81,-3.09,0.09
3.900,0.079389,1.021403,0.032433,-0.45,-0.15,-0.20,87.82,-3.14,0.09
3.910,0.018395,1.006880,0.037274,-0.14,0.49,-0.31,87.82,-3.06,0.08
3.920,-0.012102,1.008817,0.041147,-0.12,0.27,0.04,87.82,-2.90,0.08
3.930,0.068739,0.985097,0.038726,-0.10,-0.34,0.11,87.81,-2.95,0.08
3.940,0.056153,0.992358,0.035338,0.11,-0.09,-0.10,87.82,-2.96,0.08
3.950,0.028561,0.985097,0.035822,0.09,0.18,-0.17,87.82,-2.91,0.08
3.960,0.007745,1.004460,0.039694,-0.06,-0.00,0.06,87.82,-2.81,0.08
3.970,-0.030497,0.997683,0.041631,0.16,-0.19,0.18,87.81,-2.63,0.08
3.980,-0.002904,0.992358,0.039694,0.07,0.05,-0.11,87.81,-2.52,0.08
3.990,-0.000968,0.997683,0.042599,0.25,0.11,-0.22,87.80,-2.41,0.08
4.000,-0.012586,0.998651,0.041631,0.08,-0.08,-0.18,87.80,-2.29,0.08
4.010,0.028076,0.987033,0.045987,-0.16,0.02,0.03,87.78,-2.26,0.08
4.020,-0.043083,1.046090,0.047924,1.35,-0.24,0.86,87.77,-2.08,0.09
4.030,-0.012102,0.978804,0.030981,0.19,-0.19,0.34,87.79,-1.97,0.09
4.040,-0.010650,0.948791,0.029529,0.31,-0.09,-0.33,87.81,-1.87,0.09
4.050,-0.041147,1.004460,0.033401,0.16,0.08,-0.47,87.82,-1.70,0.08
4.060,-0.006293,0.993326,0.034369,0.12,-0.04,-0.03,87.83,-1.62,0.08
4.070,-0.012586,0.993326,0.036790,-0.03,-0.08,0.30,87.83,-1.52,0.09
4.080,0.024688,0.989453,0.041631,-0.11,0.05,-0.03,87.82,-1.52,0.09
4.090,0.001936,0.989938,0.042599,-0.02,0.01,-0.21,87.81,-1.46,0.08
4.100,-0.039694,0.999619,0.043083,-0.02,-0.09,-0.00,87.80,-1.31,0.08
4.110,-0.018879,0.994294,0.044051,0.13,-0.01,0.13,87.79,-1.22,0.09
4.120,-0.042599,0.997199,0.041147,0.33,0.08,0.09,87.79,-1.07,0.09
4.130,-0.024688,0.991874,0.035338,0.19,0.18,0.22,87.79,-0.97,0.09
4.140,-0.029529,0.988485,0.037758,0.11,-0.05,0.18,87.80,-0.86,0.09
4.150,-0.035338,0.985097,0.038242,0.16,-0.29,-0.19,87.80,-0.75,0.09
4.160,-0.039210,0.998651,0.035338,0.13,-0.13,-0.21,87.80,-0.63,0.09
4.170,-0.047924,0.996715,0.038242,0.20,0.06,0.22,87.81,-0.49,0.09
4.180,-0.027592,0.972511,0.037758,0.12,-0.08,0.17,87.81,-0.41,0.09
4.190,0.001936,0.986065,0.037274,0.10,-0.04,-0.18,87.81,-0.40,0.09
4.200,-0.030497,0.996231,0.037758,0.17,0.08,-0.14,87.81,-0.31,0.09
4.210,-0.033885,1.001555,0.038242,0.09,0.02,0.13,87.81,-0.22,0.09
4.220,-0.031949,1.005428,0.033885,0.25,-0.07,0.27,87.82,-0.14,0.09
4.230,-0.022268,0.968638,0.035338,0.08,-0.19,-0.07,87.83,-0.08,0.09
4.240,-0.016943,0.996231,0.037274,0.10,-0.23,-0.49,87.83,-0.04,0.09
4.250,-0.030981,1.000587,0.036306,-0.01,0.09,-0.09,87.83,0.03,0.08
4.260,-0.014522,1.001555,0.042115,-0.01,0.18,0.36,87.82,0.06,0.09
4.270,-0.015006,0.990422,0.042115,0.04,-0.05,0.16,87.81,0.10,0.09
4.280,-0.016459,0.991874,0.037274,0.08,-0.20,-0.14,87.82,0.13,0.09
4.290,-0.028076,0.991390,0.036790,0.16,0.09,-0.01,87.82,0.19,0.09
4.300,-0.025656,1.000103,0.038726,0.05,0.11,0.14,87.82,0.24,0.09
4.310,-0.008229,0.986549,0.035338,0.03,-0.10,0.09,87.83,0.25,0.09
4.320,-0.009197,0.997683,0.034854,-0.03,-0.15,0.02,87.83,0.26,0.09
4.330,0.013070,0.993810,0.036790,-0.02,0.12,0.06,87.83,0.22,0.09
4.340,0.004841,1.043670,0.040662,0.29,0.18,-0.34,87.83,0.20,0.09
4.350,-0.038726,0.886829,0.029045,0.47,-0.32,-0.56,87.85,0.29,0.08
4.360,-0.007261,1.034957,0.032433,0.11,-0.22,0.32,87.87,0.29,0.09
4.370,-0.002420,1.010269,0.030497,-0.19,0.16,0.65,87.88,0.29,0.09
4.380,-0.006293,0.981224,0.039210,0.04,0.12,0.18,87.87,0.29,0.09
4.390,-0.032433,0.996231,0.038242,0.09,-0.18,-0.31,87.87,0.35,0.09
4.400,-0.040662,0.995262,0.037274,0.11,-0.09,-0.01,87.87,0.43,0.09
4.410,0.025172,0.996231,0.036306,0.11,0.04,0.16,87.87,0.36,0.09
4.420,0.127312,0.986549,0.036306,0.05,0.06,-0.08,87.88,0.05,0.09
4.430,0.062446,0.993810,0.037758,0.10,-0.11,0.02,87.87,-0.10,0.09
4.440,0.009197,1.000587,0.036790,-0.09,-0.01,0.36,87.87,-0.11,0.10
4.450,-0.025172,1.005912,0.039694,-0.08,0.02,0.43,87.87,-0.05,0.10
4.460,-0.034854,0.983160,0.036306,0.11,-0.09,0.09,87.87,0.03,0.10
4.470,0.074064,0.971059,0.029045,0.91,0.20,-0.64,87.90,-0.14,0.09
4.480,0.090038,0.985581,0.026624,0.70,-0.06,-0.75,87.92,-0.35,0.09
4.490,0.049376,0.979772,0.024204,0.13,-0.51,0.29,87.95,-0.45,0.09
4.500,0.032433,0.976383,0.024688,-0.01,-0.06,0.86,87.98,-0.51,0.10
4.510,0.046955,0.980740,0.032917,0.05,0.25,0.21,87.98,-0.60,0.10
4.520,0.025172,0.980256,0.038726,0.12,-0.03,-0.49,87.97,-0.63,0.10
4.530,0.036790,1.004944,0.033885,0.18,-0.27,-0.32,87.98,-0.69,0.09
4.540,0.083261,0.948307,0.030981,-0.52,0.36,-0.51,87.98,-0.86,0.09
4.550,0.088102,0.970574,0.030497,0.40,-0.27,0.24,87.99,-1.04,0.09
4.560,0.075516,1.039797,0.030981,-0.24,0.02,0.64,88.00,-1.16,0.10
4.570,0.056637,0.976383,0.034369,-0.07,0.20,0.29,88.00,-1.25,0.10
4.580,0.065834,0.983645,0.039694,-0.13,0.09,-0.21,87.99,-1.35,0.10
4.590,0.058089,1.002524,0.034854,-0.11,-0.13,-0.19,87.99,-1.43,0.09
4.600,0.085198,0.989938,0.032433,0.06,-0.06,0.13,87.99,-1.57,0.10
4.610,0.116663,1.002524,0.033401,-0.08,0.21,0.16,88.00,-1.77,0.10
4.620,0.135057,0.990906,0.038242,-0.10,0.03,-0.05,87.99,-2.01,0.10
4.630,0.063414,1.001071,0.042599,-0.10,-0.08,0.10,87.97,-2.08,0.10
4.640,-0.025656,0.999619,0.039210,0.01,0.01,0.40,87.96,-1.93,0.10
4.650,0.014522,0.985581,0.039694,0.09,0.03,-0.06,87.95,-1.89,0.10
4.660,0.112306,0.975899,0.038726,0.14,-0.07,-0.53,87.94,-2.08,0.10
4.670,0.159261,1.005428,0.038242,0.07,0.01,-0.25,87.94,-2.35,0.09
4.680,0.116663,0.988485,0.031949,0.21,-0.04,0.46,87.95,-2.53,0.10
4.690,0.057605,0.988001,0.036306,0.05,-0.02,0.41,87.95,-2.56,0.10
4.700,0.030497,0.986065,0.036790,0.02,-0.01,-0.08,87.94,-2.53,0.10
4.710,0.054701,0.988969,0.035338,0.15,-0.06,-0.31,87.95,-2.56,0.10
4.720,0.075516,0.998167,0.038242,0.16,0.04,-0.04,87.94,-2.63,0.10
4.730,0.123440,0.982676,0.036790,0.13,0.01,0.10,87.94,-2.81,0.10
4.740,0.118599,0.995746,0.035822,0.00,-0.05,0.05,87.94,-2.97,0.10
4.750,0.064382,0.988485,0.037274,-0.10,-0.02,0.12,87.93,-3.00,0.10
4.760,0.044051,1.001071,0.037758,-0.05,0.09,0.15,87.93,-2.98,0.10
4.770,0.061962,0.988969,0.033401,-0.01,-0.00,0.02,87.94,-3.00,0.10
4.780,0.074548,0.988485,0.035338,-0.03,-0.06,-0.19,87.94,-3.05,0.10
4.790,0.114726,0.988969,0.037274,0.02,-0.01,-0.11,87.93,-3.20,0.10
4.800,0.101172,0.993810,0.038242,0.00,-0.00,0.16,87.93,-3.30,0.10
4.810,0.059541,0.995746,0.040178,-0.03,0.03,0.22,87.92,-3.31,0.10
4.820,0.075032,0.993810,0.041631,-0.03,-0.00,0.02,87.90,-3.35,0.10
4.830,0.048892,0.989938,0.036790,0.09,-0.03,-0.07,87.90,-3.33,0.10
4.840,0.063414,0.988969,0.041631,-0.01,0.01,-0.10,87.89,-3.34,0.10
4.850,0.094395,0.989938,0.039210,0.10,0.02,-0.05,87.89,-3.42,0.10
4.860,0.100204,0.989938,0.035822,0.14,-0.03,0.10,87.89,-3.52,0.10
4.870,0.069223,0.993326,0.032433,0.11,-0.04,0.06,87.90,-3.54,0.10
4.880,0.058573,0.991874,0.037274,0.05,0.02,-0.00,87.90,-3.53,0.10
4.890,0.069223,0.988485,0.033885,0.03,-0.02,-0.03,87.90,-3.55,0.10
4.900,0.046955,0.985581,0.033401,0.22,-0.09,-0.07,87.91,-3.52,0.10
4.910,0.044051,0.986065,0.034369,0.11,-0.09,-0.10,87.92,-3.48,0.10
4.920,0.080357,0.992358,0.036306,0.04,-0.01,-0.12,87.92,-3.53,0.10
4.930,0.036306,0.945887,0.036306,-0.54,0.39,0.24,87.91,-3.47,0.10
4.940,0.067771,1.094498,0.065350,0.03,-0.05,0.65,87.85,-3.47,0.11
4.950,0.116178,0.980256,0.041147,-0.03,-0.13,0.04,87.84,-3.60,0.11
4.960,0.038726,0.993326,0.040178,0.41,0.15,-0.33,87.84,-3.55,0.11
4.970,0.022268,0.998651,0.042599,-0.10,0.22,-0.19,87.83,-3.45,0.10
4.980,0.018395,1.003492,0.043083,0.10,-0.13,0.26,87.82,-3.36,0.11
4.990,0.016943,0.999619,0.035338,0.29,-0.09,0.15,87.83,-3.27,0.11
5.000,0.048408,0.974931,0.042599,-0.35,0.24,0.16,87.81,-3.25,0.11
5.010,0.044051,0.958957,0.027592,0.26,-0.60,0.24,87.83,-3.23,0.11
5.020,0.021783,1.003492,0.018879,0.00,-0.13,-0.18,87.88,-3.15,0.11
5.030,0.056637,0.977352,0.027108,-0.09,0.53,-0.40,87.90,-3.15,0.11
5.040,-0.009197,0.996231,0.033401,0.09,0.09,0.08,87.91,-3.00,0.11
5.050,0.019847,0.992358,0.033885,0.08,-0.37,0.23,87.91,-2.93,0.11
5.060,0.079389,0.985097,0.030013,-0.01,0.04,-0.08,87.93,-3.00,0.11
5.070,0.014038,0.990906,0.038726,0.10,0.22,-0.18,87.92,-2.91,0.11
5.080,-0.000968,0.993326,0.041147,0.00,-0.02,0.03,87.91,-2.79,0.11
5.090,-0.020815,0.988485,0.041147,0.14,-0.22,0.23,87.90,-2.63,0.11
5.100,-0.013554,0.986065,0.038726,0.07,0.04,-0.05,87.89,-2.50,0.11
5.110,0.011134,0.986549,0.042115,0.16,0.15,-0.26,87.88,-2.42,0.11
5.120,-0.014038,0.995746,0.041631,0.23,-0.11,-0.19,87.87,-2.29,0.10
5.130,-0.003873,1.001071,0.040178,-0.38,0.02,-0.06,87.86,-2.19,0.10
5.140,0.007261,1.078040,0.051312,1.01,0.02,0.86,87.85,-2.12,0.11
5.150,-0.015006,0.972995,0.030013,0.26,-0.03,0.26,87.87,-2.00,0.12
5.160,-0.000968,0.957504,0.030981,0.37,-0.05,-0.44,87.88,-1.92,0.11
5.170,-0.039694,1.003008,0.032433,0.19,-0.01,-0.38,87.89,-1.75,0.11
5.180,-0.019847,0.993810,0.033885,0.05,-0.01,0.23,87.90,-1.63,0.11
5.190,0.033885,0.983645,0.035338,-0.02,-0.04,0.16,87.90,-1.65,0.11
5.200,0.006293,0.984613,0.035822,-0.04,0.01,-0.09,87.90,-1.60,0.11
5.210,-0.009197,0.989938,0.040662,-0.01,-0.04,-0.10,87.89,-1.51,0.11
5.220,-0.041631,0.995262,0.041147,0.11,-0.05,0.16,87.88,-1.36,0.11
5.230,-0.048408,0.985581,0.038242,0.11,-0.00,0.09,87.88,-1.19,0.11
5.240,-0.032917,0.998167,0.038242,0.15,0.03,-0.04,87.88,-1.07,0.11
5.250,-0.030981,0.996231,0.038242,0.06,0.22,0.19,87.88,-0.95,0.11
5.260,-0.020815,0.997683,0.036306,0.04,0.06,0.28,87.88,-0.86,0.12
5.270,-0.009682,0.983160,0.041147,0.07,-0.26,-0.08,87.87,-0.81,0.12
5.280,-0.040662,1.004460,0.041631,-0.03,-0.18,-0.20,87.86,-0.69,0.11
5.290,-0.047440,0.990906,0.039210,0.01,0.04,0.06,87.85,-0.55,0.11
5.300,-0.024688,1.000587,0.044535,0.11,0.08,0.13,87.84,-0.47,0.11
5.310,-0.016459,0.994778,0.041631,0.02,-0.11,0.02,87.83,-0.41,0.12
5.320,-0.005325,1.003976,0.032433,-0.04,-0.00,-0.08,87.84,-0.39,0.11
5.330,-0.026624,1.003492,0.034369,-0.10,0.09,0.03,87.85,-0.31,0.11
5.340,-0.033401,1.008817,0.039694,-0.12,0.10,0.22,87.84,-0.22,0.12
5.350,-0.023720,0.991874,0.044051,-0.03,-0.20,-0.14,87.83,-0.16,0.12
5.360,-0.027108,1.001555,0.040662,-0.05,-0.23,-0.37,87.82,-0.09,0.11
5.370,-0.024204,1.004460,0.041147,0.02,0.15,-0.02,87.81,-0.03,0.11
5.380,-0.014522,0.998167,0.039694,0.10,0.15,0.30,87.81,0.00,0.11
5.390,-0.016943,0.988001,0.039694,-0.02,-0.09,0.09,87.81,0.04,0.12
5.400,-0.019847,0.991390,0.036790,0.03,-0.12,-0.04,87.81,0.09,0.12
5.410,-0.037758,0.996231,0.037758,0.06,0.10,0.04,87.81,0.17,0.12
5.420,-0.024204,1.001555,0.037758,-0.12,0.08,0.09,87.81,0.22,0.12
5.430,-0.004841,0.987517,0.033885,-0.15,-0.06,-0.01,87.82,0.22,0.12
5.440,0.003873,0.993810,0.040178,-0.11,-0.03,-0.04,87.81,0.20,0.12
5.450,0.004357,0.993326,0.038242,-0.06,0.17,0.11,87.81,0.19,0.12
5.460,0.009197,1.056256,0.045503,0.13,0.24,-0.40,87.80,0.16,0.11
5.470,-0.058089,0.890218,0.039694,0.71,-0.34,-0.36,87.79,0.30,0.11
5.480,-0.002904,1.044638,0.041147,0.15,-0.06,0.32,87.79,0.30,0.11
5.490,-0.021299,0.961861,0.031465,0.13,0.09,0.47,87.81,0.33,0.12
5.500,-0.033401,0.992842,0.035338,0.15,-0.06,0.03,87.82,0.40,0.12
5.510,-0.000484,0.989453,0.033401,0.08,-0.08,-0.32,87.83,0.38,0.11
5.520,0.069707,0.997683,0.033401,-0.01,0.05,-0.34,87.84,0.21,0.11
5.530,0.130701,0.998651,0.037758,-0.09,0.10,-0.00,87.84,-0.10,0.11
5.540,0.051796,0.868918,0.036306,0.07,-0.06,0.51,87.83,-0.23,0.12
5.550,-0.063414,1.000587,0.040662,-0.03,-0.05,0.45,87.82,-0.08,0.12
5.560,-0.041631,0.983645,0.040662,-0.07,0.02,-0.08,87.81,0.02,0.12
5.570,-0.013554,0.999619,0.043083,0.08,-0.00,-0.32,87.80,0.05,0.12
5.580,0.064382,0.997683,0.035338,0.11,-0.14,-0.12,87.81,-0.10,0.12
5.590,0.143771,0.967186,0.045019,0.59,0.32,-0.10,87.80,-0.43,0.11
5.600,0.058089,1.013173,0.041631,0.74,-0.20,-0.12,87.80,-0.54,0.11
5.610,-0.026140,0.983645,0.031465,0.47,-0.41,0.32,87.82,-0.47,0.12
5.620,-0.002420,0.987033,0.031949,0.20,0.11,0.33,87.83,-0.44,0.12
5.630,0.052280,0.973963,0.036790,0.28,0.22,-0.19,87.83,-0.54,0.12
5.640,0.088102,0.987033,0.039694,0.18,-0.13,-0.36,87.83,-0.73,0.11
5.650,0.085682,1.009785,0.033885,0.25,-0.19,0.04,87.84,-0.89,0.12
5.660,0.074548,0.955084,0.028561,-0.25,0.21,-0.32,87.86,-1.03,0.11
5.670,0.016459,0.977352,0.036306,0.21,-0.22,0.16,87.86,-1.03,0.11
5.680,0.037274,1.003976,0.032917,-0.24,-0.10,0.42,87.87,-1.08,0.12
5.690,0.083261,0.978804,0.036790,0.12,0.11,-0.00,87.87,-1.23,0.12
5.700,0.091975,0.986549,0.038242,0.04,0.08,-0.32,87.87,-1.39,0.11
5.710,0.081325,0.997683,0.033401,0.04,-0.16,-0.13,87.88,-1.52,0.11
5.720,0.097784,0.988969,0.036790,0.07,-0.03,0.21,87.88,-1.69,0.12
5.730,0.125376,0.991390,0.043083,0.04,0.17,0.22,87.86,-1.91,0.12
5.740,0.018395,0.991874,0.042115,0.03,-0.05,0.16,87.85,-1.87,0.12
5.750,-0.022268,0.994778,0.040178,0.11,-0.20,0.06,87.84,-1.75,0.12
5.760,0.059541,0.986549,0.041631,0.07,0.10,-0.20,87.83,-1.82,0.12
5.770,0.126828,0.990422,0.036790,0.16,0.01,-0.33,87.84,-2.04,0.11
5.780,0.137478,0.992842,0.033401,0.11,-0.06,-0.03,87.85,-2.27,0.11
5.790,0.103108,0.998651,0.030013,0.04,-0.06,0.38,87.87,-2.42,0.12
5.800,0.047440,0.979772,0.035822,-0.09,0.02,0.29,87.87,-2.43,0.12
5.810,0.036306,0.987033,0.039210,0.00,0.03,-0.15,87.86,-2.42,0.12
5.820,0.046471,0.982676,0.037758,0.19,-0.04,-0.31,87.86,-2.43,0.12
5.830,0.108433,0.992842,0.034854,0.10,-0.11,-0.12,87.87,-2.58,0.12
5.840,0.137962,0.985581,0.035822,0.14,-0.06,0.13,87.87,-2.80,0.12
5.850,0.101656,0.991874,0.036306,0.19,0.08,0.18,87.87,-2.92,0.12
5.860,0.060026,0.988485,0.033401,0.10,0.01,0.05,87.88,-2.94,0.12
5.870,0.049376,0.989453,0.036790,0.17,-0.00,-0.04,87.88,-2.94,0.12
5.880,0.057121,0.985097,0.032917,0.14,-0.04,-0.05,87.89,-2.95,0.12
5.890,0.100688,0.989938,0.033401,0.10,0.01,-0.06,87.90,-3.07,0.12
5.900,0.109401,0.989453,0.035822,0.04,-0.01,0.03,87.90,-3.20,0.12
5.910,0.074064,0.985097,0.041631,-0.03,-0.04,0.14,87.89,-3.24,0.12
5.920,0.091006,0.993810,0.039694,0.01,-0.01,0.03,87.88,-3.32,0.12
5.930,0.049376,0.986065,0.040662,0.19,-0.01,0.03,87.87,-3.30,0.12
5.940,0.052280,0.991390,0.043567,0.25,-0.03,-0.00,87.86,-3.29,0.12
5.950,0.083745,0.978320,0.032917,0.16,-0.04,-0.05,87.87,-3.36,0.12
5.960,0.097299,0.977836,0.030981,0.12,-0.03,-0.08,87.88,-3.45,0.12
5.970,0.061478,0.989453,0.034369,0.21,-0.00,0.04,87.89,-3.45,0.12
5.980,0.077452,0.994294,0.038726,0.11,-0.02,0.14,87.89,-3.49,0.12
5.990,0.066803,0.985581,0.038726,0.14,-0.05,0.11,87.88,-3.51,0.12
6.000,0.046955,0.983645,0.036790,0.04,0.03,-0.09,87.88,-3.48,0.12
6.010,0.079389,0.992842,0.035338,0.02,0.01,-0.10,87.89,-3.52,0.12
6.020,0.073580,0.996715,0.036790,0.05,-0.08,0.04,87.89,-3.55,0.12
6.030,0.029529,0.992358,0.037758,0.05,-0.05,0.05,87.88,-3.48,0.12
6.040,0.079873,0.996715,0.034854,-0.13,0.07,-0.19,87.89,-3.52,0.12
6.050,0.076968,0.955084,0.034854,-0.46,0.27,0.20,87.88,-3.56,0.12
6.060,0.060994,1.092562,0.061962,-0.05,-0.05,0.74,87.84,-3.55,0.13
6.070,0.107465,0.977836,0.045019,-0.42,-0.02,0.09,87.82,-3.66,0.13
6.080,0.058573,0.995262,0.042599,-0.07,0.16,-0.37,87.80,-3.64,0.13
6.090,-0.007745,1.004460,0.048408,0.00,0.11,-0.13,87.78,-3.48,0.12
6.100,0.022752,1.002524,0.045987,0.18,-0.12,0.22,87.77,-3.39,0.13
6.110,0.055185,1.004944,0.032917,0.41,0.01,0.06,87.79,-3.38,0.13
6.120,0.032917,0.976867,0.039694,-0.12,0.27,0.21,87.78,-3.32,0.13
6.130,0.072127,0.966702,0.036306,0.13,-0.62,0.20,87.78,-3.36,0.13
6.140,0.047924,0.981708,0.024688,0.05,-0.19,-0.26,87.82,-3.34,0.13
6.150,0.008713,0.987517,0.029045,0.03,0.50,-0.26,87.84,-3.23,0.13
6.160,0.032917,0.998167,0.038242,0.07,0.18,0.02,87.83,-3.17,0.13
6.170,0.043083,0.995262,0.036790,0.16,-0.40,0.12,87.84,-3.15,0.13
6.180,0.039694,0.982192,0.033885,0.17,-0.03,-0.02,87.85,-3.11,0.13
6.190,0.043083,0.987033,0.036306,0.04,0.26,-0.05,87.85,-3.09,0.13
6.200,-0.029045,0.993810,0.042115,0.08,-0.04,0.09,87.84,-2.90,0.13
6.210,-0.016459,0.993326,0.040178,0.05,-0.22,0.01,87.83,-2.74,0.13
6.220,0.015490,0.988969,0.041147,0.09,0.07,-0.12,87.83,-2.67,0.13
6.230,-0.020331,0.995746,0.040178,0.16,0.15,-0.05,87.82,-2.51,0.13
6.240,0.014522,1.001555,0.037274,-0.09,-0.08,-0.06,87.82,-2.45,0.12
6.250,0.018395,0.999619,0.042599,-0.10,-0.02,-0.20,87.81,-2.39,0.12
6.260,-0.037274,1.007848,0.037274,1.31,-0.09,0.77,87.83,-2.21,0.13
6.270,0.007745,0.995262,0.031465,0.18,-0.15,0.42,87.84,-2.14,0.13
6.280,0.006777,0.942498,0.031949,0.49,-0.13,-0.26,87.86,-2.08,0.13
6.290,-0.005325,1.000103,0.032433,0.25,0.04,-0.52,87.87,-1.98,0.13
6.300,-0.003389,0.994778,0.030013,0.11,-0.01,0.08,87.89,-1.89,0.13
6.310,-0.012102,0.994294,0.034854,0.04,-0.04,0.40,87.89,-1.79,0.13
6.320,-0.027592,0.987517,0.034854,0.00,0.02,0.10,87.90,-1.65,0.13
6.330,-0.016943,0.979288,0.040178,0.05,-0.03,-0.19,87.89,-1.55,0.13
6.340,-0.051796,1.003976,0.037274,0.04,-0.07,-0.13,87.89,-1.37,0.13
6.350,-0.024688,0.997199,0.043083,0.15,0.04,0.07,87.87,-1.26,0.13
6.360,-0.015975,1.001071,0.045503,0.27,0.01,0.11,87.86,-1.17,0.13
6.370,-0.014038,0.998651,0.035338,0.27,0.15,0.24,87.86,-1.09,0.13
6.380,-0.017427,0.989453,0.039694,0.19,0.09,0.30,87.86,-1.01,0.14
6.390,-0.024204,0.973963,0.037274,0.12,-0.28,-0.10,87.86,-0.91,0.14
6.400,-0.041147,0.994778,0.038726,-0.12,-0.20,-0.25,87.85,-0.78,0.13
6.410,-0.039210,1.004460,0.044051,0.10,0.15,0.03,87.84,-0.66,0.13
6.420,-0.014522,0.992842,0.038726,0.11,0.04,0.18,87.84,-0.60,0.14
6.430,-0.007745,0.997683,0.039694,-0.02,-0.20,0.09,87.83,-0.56,0.14
6.440,-0.008713,0.996231,0.036306,-0.08,0.02,-0.00,87.84,-0.52,0.14
6.450,-0.038726,0.997683,0.037758,0.00,0.22,-0.01,87.84,-0.41,0.14
6.460,-0.048408,0.989938,0.039694,-0.13,0.10,0.14,87.83,-0.28,0.14
6.470,-0.021299,0.993326,0.041631,-0.10,-0.41,-0.16,87.82,-0.22,0.14
6.480,-0.015975,1.002039,0.034369,0.01,-0.26,-0.33,87.83,-0.18,0.13
6.490,-0.007261,1.000103,0.036306,-0.08,0.31,-0.01,87.83,-0.15,0.13
6.500,-0.015975,1.004460,0.040662,-0.02,0.27,0.24,87.82,-0.11,0.14
6.510,-0.018879,0.988485,0.042115,-0.05,-0.30,0.09,87.81,-0.06,0.14
6.520,-0.023720,0.991874,0.037758,0.04,-0.12,-0.01,87.81,-0.00,0.14
6.530,-0.030981,1.002524,0.041631,-0.03,0.22,0.03,87.81,0.07,0.14
6.540,-0.017427,0.996715,0.045019,-0.02,0.12,0.02,87.79,0.11,0.14
6.550,-0.002420,0.988969,0.040178,-0.04,-0.21,-0.04,87.79,0.11,0.14
6.560,0.000968,0.994778,0.038726,-0.01,0.01,0.05,87.78,0.10,0.14
6.570,-0.002904,0.992842,0.036306,0.10,0.13,0.17,87.79,0.10,0.14
6.580,0.000000,1.040282,0.038242,-2.06,0.22,-0.40,87.77,0.10,0.13
6.590,-0.029529,0.887797,0.030497,0.54,-0.30,-0.61,87.79,0.17,0.13
6.600,-0.011618,1.053836,0.037758,0.27,-0.20,0.43,87.80,0.19,0.13
6.610,0.010650,0.965250,0.033885,0.06,0.08,0.56,87.81,0.16,0.14
6.620,0.025656,0.988001,0.040178,0.07,0.03,-0.02,87.80,0.09,0.14
6.630,-0.026140,0.986065,0.036306,-0.03,-0.13,-0.23,87.81,0.15,0.14
6.640,-0.020331,1.003492,0.035822,0.06,-0.06,-0.02,87.81,0.19,0.14
6.650,0.002904,0.990422,0.039210,0.18,0.08,0.19,87.81,0.17,0.14
6.660,-0.010650,0.988969,0.036790,0.16,-0.04,0.08,87.81,0.19,0.14
6.670,0.099236,0.979772,0.035822,0.18,-0.19,-0.23,87.82,-0.05,0.14
6.680,0.093427,0.992358,0.033885,0.15,0.01,-0.11,87.83,-0.26,0.14
6.690,0.014038,0.997683,0.036790,0.11,0.06,0.39,87.83,-0.28,0.14
6.700,0.004357,0.994294,0.036306,0.17,-0.15,0.46,87.84,-0.28,0.14
6.710,-0.004357,0.926039,0.017911,0.26,0.14,0.02,87.88,-0.26,0.14
6.720,0.013070,0.962829,0.024204,0.67,-0.01,-0.85,87.92,-0.28,0.14
6.730,0.060026,1.002524,0.032433,0.05,-0.48,-0.40,87.93,-0.41,0.13
6.740,0.065834,0.991390,0.032917,0.10,-0.07,0.56,87.93,-0.55,0.14
6.750,0.082777,0.994294,0.034854,0.04,0.34,0.54,87.94,-0.71,0.14
6.760,0.041631,0.979288,0.040178,-0.02,-0.15,-0.12,87.93,-0.78,0.14
6.770,0.002904,0.989938,0.037274,0.00,-0.31,-0.14,87.92,-0.76,0.14
6.780,0.050344,1.038829,0.039694,-0.36,0.50,-0.59,87.91,-0.84,0.13
6.790,0.061478,0.933785,0.047924,0.18,-0.04,-0.33,87.88,-0.95,0.13
6.800,0.084713,1.043670,0.042115,0.11,-0.34,0.44,87.88,-1.11,0.13
6.810,0.093427,0.979772,0.035822,0.23,-0.00,0.46,87.88,-1.28,0.14
6.820,0.077452,0.989453,0.035338,0.25,0.20,0.05,87.88,-1.40,0.14
6.830,0.091491,0.992842,0.039694,0.17,-0.06,-0.34,87.88,-1.56,0.14
6.840,0.106497,0.989938,0.034854,-0.02,-0.14,-0.18,87.88,-1.74,0.13
6.850,0.030497,1.009785,0.031465,-0.06,0.01,0.45,87.90,-1.74,0.14
6.860,0.019847,0.980740,0.035338,-0.08,0.11,0.30,87.90,-1.72,0.14
6.870,0.071159,0.986065,0.034369,-0.03,-0.04,-0.34,87.90,-1.82,0.14
6.880,0.110370,0.990906,0.036790,-0.03,-0.05,-0.45,87.90,-2.00,0.13
6.890,0.124892,1.004944,0.037274,-0.12,0.04,0.06,87.90,-2.20,0.14
6.900,0.093427,0.987033,0.040662,0.03,-0.06,0.44,87.89,-2.33,0.14
6.910,0.057605,0.992358,0.039694,0.08,-0.03,0.26,87.88,-2.37,0.14
6.920,0.044051,0.981224,0.040662,0.04,0.07,-0.11,87.87,-2.38,0.14
6.930,0.069223,1.002039,0.048892,-0.01,0.01,-0.16,87.84,-2.44,0.14
6.940,0.097784,0.988001,0.036306,0.21,-0.16,-0.05,87.85,-2.57,0.14
6.950,0.112306,0.994294,0.033401,0.16,-0.04,0.01,87.86,-2.72,0.14
6.960,0.114242,0.989453,0.029529,0.07,0.07,0.08,87.88,-2.88,0.14
6.970,0.066803,0.988485,0.030497,0.07,-0.02,0.17,87.89,-2.92,0.14
6.980,0.039694,0.988969,0.030981,0.06,-0.00,0.08,87.90,-2.89,0.14
6.990,0.069223,0.987033,0.030013,-0.04,-0.02,-0.17,87.92,-2.94,0.14
7.000,0.088102,0.981708,0.027592,0.01,-0.07,-0.23,87.94,-3.03,0.14
7.010,0.111338,0.986065,0.034369,-0.06,0.04,0.10,87.94,-3.16,0.14
7.020,0.099236,0.988001,0.037274,0.04,0.06,0.23,87.94,-3.26,0.14
7.030,0.070675,0.978804,0.039694,0.02,-0.12,0.06,87.93,-3.30,0.14
7.040,0.071643,0.973963,0.040178,0.17,-0.13,-0.17,87.92,-3.34,0.14
7.050,0.037758,0.990422,0.039694,0.22,-0.11,0.02,87.91,-3.29,0.14
7.060,0.068739,0.986065,0.043567,0.20,0.05,0.19,87.89,-3.32,0.14
7.070,0.107465,0.985581,0.042599,0.20,0.11,0.02,87.88,-3.43,0.14
7.080,0.085682,0.989453,0.038726,0.20,-0.11,-0.13,87.88,-3.50,0.14
7.090,0.059057,0.992358,0.032917,0.18,-0.13,-0.05,87.89,-3.49,0.14
7.100,0.083261,1.000103,0.033401,0.08,0.09,0.10,87.90,-3.54,0.14
7.110,0.062930,0.991874,0.034369,0.17,0.07,0.09,87.90,-3.55,0.14
7.120,0.050344,0.984613,0.028561,0.12,-0.08,-0.06,87.92,-3.52,0.14
7.130,0.074548,0.994294,0.033401,-0.09,-0.11,-0.12,87.93,-3.55,0.14
7.140,0.068255,0.999619,0.035822,-0.07,0.02,0.01,87.93,-3.57,0.14
7.150,0.033885,0.988001,0.035822,-0.04,0.03,0.05,87.93,-3.50,0.14
7.160,0.100204,0.987033,0.042599,-0.20,0.06,-0.21,87.91,-3.59,0.14
7.170,0.084229,0.978804,0.051796,-0.48,0.22,0.14,87.87,-3.64,0.14
7.180,0.049860,1.093046,0.071159,-0.65,-0.08,0.82,87.80,-3.60,0.15
7.190,0.066803,0.972511,0.043083,-0.10,-0.02,0.17,87.78,-3.62,0.15
7.200,0.049376,0.974447,0.051796,0.29,0.12,-0.41,87.75,-3.59,0.15
7.210,-0.013070,1.007364,0.045019,0.32,-0.01,-0.27,87.74,-3.41,0.14
7.220,0.029045,0.994778,0.036790,0.35,-0.08,0.23,87.75,-3.34,0.15
7.230,0.091491,0.996715,0.028561,0.31,-0.00,0.09,87.78,-3.42,0.15
7.240,0.062446,0.988969,0.028561,-0.08,0.39,0.22,87.80,-3.42,0.15
7.250,0.035822,0.988969,0.039694,-0.41,-0.41,0.40,87.79,-3.37,0.15
7.260,0.064866,0.984129,0.028561,-0.52,-0.10,-0.23,87.81,-3.39,0.15
7.270,0.021783,0.990422,0.033885,-0.25,0.39,-0.45,87.82,-3.30,0.15
7.280,-0.009197,1.001555,0.036790,-0.19,0.05,-0.03,87.82,-3.15,0.15
7.290,0.057605,0.997199,0.042599,2.08,-0.27,0.19,87.83,-3.16,0.15
7.300,0.015975,0.985097,0.040662,0.22,-0.07,0.11,87.82,-3.07,0.15
7.310,0.023720,0.993326,0.043567,0.11,0.22,-0.09,87.81,-3.00,0.15
7.320,0.000000,0.996715,0.042599,0.14,-0.10,-0.05,87.80,-2.88,0.15
7.330,-0.029045,0.987517,0.036306,0.18,-0.22,0.01,87.81,-2.70,0.15
7.340,0.020331,0.990906,0.036790,0.09,0.15,-0.04,87.81,-2.64,0.15
7.350,0.023236,0.992842,0.038242,0.23,0.15,-0.08,87.81,-2.58,0.15
7.360,0.010650,0.993810,0.036790,0.19,-0.21,-0.15,87.82,-2.51,0.15
7.370,0.040178,0.994294,0.032917,0.13,-0.13,-0.21,87.83,-2.50,0.14
7.380,-0.033885,0.971543,0.024204,1.37,-0.13,0.77,87.87,-2.32,0.15
7.390,-0.016459,0.996231,0.023720,0.38,-0.24,0.54,87.91,-2.19,0.16
7.400,0.013070,0.925555,0.031465,0.53,-0.15,-0.25,87.92,-2.14,0.15
7.410,-0.030497,1.003976,0.030497,0.25,-0.02,-0.54,87.93,-1.98,0.15
7.420,-0.029045,0.981708,0.028076,0.04,-0.02,-0.10,87.95,-1.84,0.15
7.430,-0.004841,0.988969,0.037274,0.18,-0.02,0.34,87.95,-1.75,0.15
7.440,-0.022268,0.982192,0.037758,0.19,0.03,0.06,87.94,-1.63,0.15
7.450,-0.007745,0.977836,0.037758,0.25,-0.09,-0.23,87.94,-1.55,0.15
7.460,-0.043083,1.001071,0.038726,0.18,-0.12,-0.09,87.94,-1.39,0.15
7.470,-0.046955,0.987033,0.037758,0.21,0.01,0.13,87.93,-1.22,0.15
7.480,-0.017911,0.998651,0.036306,0.25,0.10,0.13,87.93,-1.13,0.15
7.490,-0.011618,0.990422,0.036306,0.10,0.26,0.17,87.93,-1.06,0.15
7.500,-0.013554,0.998651,0.040662,-0.10,0.01,0.16,87.92,-0.99,0.15
7.510,-0.014038,1.006396,0.038726,0.06,-0.34,-0.21,87.92,-0.92,0.15
7.520,-0.040178,1.000103,0.038242,-0.07,-0.05,-0.11,87.91,-0.79,0.15
7.530,-0.038726,1.008332,0.047924,0.13,0.18,0.17,87.89,-0.67,0.15
7.540,-0.018395,0.997199,0.044535,0.21,0.01,0.13,87.87,-0.60,0.15
7.550,-0.013554,0.999135,0.048408,-0.06,-0.07,-0.02,87.85,-0.54,0.15
7.560,-0.018879,1.007364,0.039694,0.18,0.06,2.18,87.84,-0.48,0.18
7.570,-0.031465,1.002524,0.039694,0.17,0.09,0.09,87.84,-0.39,0.18
7.580,-0.025656,1.000587,0.043083,0.08,0.03,0.16,87.83,-0.31,0.18
7.590,-0.022752,0.994778,0.037274,0.13,-0.24,-0.11,87.83,-0.25,0.18
7.600,-0.017911,1.000587,0.032433,-0.05,-0.28,-0.33,87.84,-0.20,0.17
7.610,-0.018879,0.997683,0.034369,0.10,0.15,-0.02,87.85,-0.15,0.17
7.620,-0.014522,0.993326,0.040178,0.03,0.22,0.28,87.85,-0.11,0.18
7.630,-0.013554,0.990422,0.041631,-0.02,-0.14,0.05,87.84,-0.07,0.18
7.640,-0.030981,0.992358,0.038242,0.02,-0.14,-0.05,87.83,-0.00,0.18
7.650,-0.023236,0.998167,0.038242,0.03,0.19,0.02,87.83,0.05,0.18
7.660,-0.023236,1.000587,0.040662,0.03,0.06,0.13,87.83,0.11,0.18
7.670,-0.014522,0.992358,0.041631,0.06,-0.14,0.06,87.82,0.13,0.18
7.680,-0.003389,0.997683,0.039694,0.09,0.01,-0.04,87.82,0.14,0.18
7.690,-0.010650,0.996715,0.034854,0.09,0.03,0.04,87.82,0.16,0.18
7.700,-0.000484,1.012689,0.033885,0.39,0.01,-0.15,87.84,0.15,0.18
7.710,-0.017911,0.915874,0.029045,0.16,0.01,-0.63,87.85,0.19,0.17
7.720,-0.025656,1.021887,0.032917,0.10,-0.16,0.33,87.87,0.24,0.17
7.730,0.012586,0.988001,0.028076,-0.27,-0.04,0.60,87.88,0.20,0.18
7.740,0.016943,0.971543,0.035338,0.03,0.06,0.06,87.89,0.15,0.18
7.750,-0.008229,0.993810,0.039694,-0.04,-0.05,-0.34,87.88,0.16,0.18
7.760,-0.024204,0.995262,0.037274,-0.04,-0.07,0.07,87.88,0.21,0.18
7.770,-0.019847,0.989453,0.036306,0.07,0.05,0.33,87.88,0.25,0.18
7.780,-0.004841,0.976383,0.034369,0.04,0.05,0.12,87.88,0.25,0.18
7.790,0.030497,0.976867,0.034854,0.18,-0.15,-0.23,87.89,0.17,0.18
7.800,0.098752,0.987033,0.034369,0.16,-0.07,-0.30,87.89,-0.07,0.18
7.810,0.112306,1.002524,0.035822,0.02,0.02,0.15,87.90,-0.32,0.18
7.820,0.028561,0.999135,0.039210,0.18,-0.06,0.68,87.89,-0.37,0.19
7.830,-0.117147,0.948307,0.022268,0.41,0.19,0.10,87.93,-0.07,0.19
7.840,-0.032433,0.949275,0.027108,-0.25,0.27,-0.75,87.94,0.01,0.18
7.850,0.010166,1.006396,0.026140,0.18,-0.53,-0.60,87.97,-0.02,0.17
7.860,0.095847,0.991390,0.025656,0.05,0.02,0.23,87.99,-0.24,0.18
7.870,0.128764,0.868918,0.033401,-0.02,0.27,0.51,87.98,-0.56,0.18
7.880,0.075516,0.983160,0.042115,-0.12,-0.04,0.09,87.96,-0.72,0.18
7.890,-0.008713,0.996715,0.041147,0.07,-0.19,0.01,87.95,-0.67,0.18
7.900,0.020331,1.023823,0.043083,-0.37,0.45,-0.66,87.93,-0.68,0.17
7.910,0.026624,0.950243,0.045503,0.25,-0.16,-0.26,87.91,-0.72,0.17
7.920,0.106013,1.040766,0.038242,-0.04,-0.20,0.30,87.91,-0.93,0.18
7.930,0.123924,0.973963,0.033401,0.15,0.13,0.34,87.91,-1.18,0.18
7.940,0.089070,0.990906,0.036790,0.10,0.13,0.03,87.91,-1.34,0.18
7.950,0.035822,0.987033,0.035338,0.19,-0.13,-0.01,87.92,-1.37,0.18
7.960,0.066803,0.985581,0.034369,0.22,-0.18,-0.04,87.92,-1.47,0.18
7.970,0.113274,0.991390,0.036790,0.09,0.08,-0.00,87.92,-1.67,0.18
7.980,0.037274,0.992842,0.035822,0.04,0.07,0.28,87.92,-1.69,0.18
7.990,0.030497,0.997683,0.037274,0.14,-0.08,0.23,87.92,-1.69,0.18
8.000,0.064866,0.985097,0.037758,0.02,-0.07,-0.09,87.92,-1.78,0.18
8.010,0.108433,0.996715,0.033885,0.07,0.03,-0.30,87.92,-1.95,0.18
8.020,0.116178,0.996231,0.036306,0.07,0.01,0.01,87.92,-2.14,0.18
8.030,0.088586,0.991874,0.037758,0.07,-0.04,0.34,87.92,-2.26,0.18
8.040,0.060510,0.989453,0.039694,0.04,0.01,0.27,87.91,-2.31,0.19
8.050,0.049376,0.988485,0.036790,0.04,-0.00,-0.07,87.91,-2.33,0.19
8.060,0.072127,0.993810,0.034854,0.08,-0.04,-0.22,87.91,-2.40,0.18
8.070,0.091491,0.999135,0.036790,0.22,-0.03,-0.10,87.91,-2.52,0.18
8.080,0.105529,0.995746,0.030013,0.23,-0.03,0.15,87.93,-2.66,0.18
8.090,0.108433,0.986065,0.036306,0.15,-0.02,0.17,87.93,-2.80,0.19
8.100,0.076968,0.988969,0.035822,0.11,-0.02,0.07,87.93,-2.87,0.19
8.110,0.055185,0.984613,0.030981,0.11,-0.11,-0.06,87.94,-2.88,0.19
8.120,0.052280,0.988001,0.029045,0.07,-0.05,-0.12,87.96,-2.89,0.18
8.130,0.091975,0.985097,0.030013,0.08,0.14,-0.02,87.97,-2.99,0.18
8.140,0.106497,0.983645,0.036790,0.08,-0.08,0.07,87.97,-3.11,0.18
8.150,0.086650,0.986065,0.036790,0.03,-0.16,-0.02,87.96,-3.19,0.18
8.160,0.083261,0.982676,0.037758,0.08,0.02,-0.01,87.96,-3.26,0.18
8.170,0.061962,0.989453,0.044535,0.10,0.06,0.07,87.94,-3.27,0.18
8.180,0.055185,0.988485,0.045019,0.11,-0.01,0.02,87.92,-3.27,0.19
8.190,0.076968,0.990422,0.043083,0.13,-0.08,-0.07,87.90,-3.31,0.18
8.200,0.112790,0.991874,0.039694,0.14,-0.09,-0.09,87.90,-3.44,0.18
8.210,0.085682,0.990906,0.037758,0.17,-0.00,0.03,87.89,-3.50,0.18
8.220,0.054217,0.987517,0.033401,0.10,0.13,0.17,87.90,-3.49,0.19
8.230,0.063414,0.988969,0.032917,-0.03,-0.01,0.05,87.91,-3.49,0.19
8.240,0.064866,0.988001,0.033885,0.10,-0.07,-0.11,87.92,-3.51,0.18
8.250,0.042599,0.985581,0.032917,0.07,0.03,-0.13,87.92,-3.46,0.18
8.260,0.097299,0.996231,0.032433,-0.07,-0.05,-0.09,87.93,-3.55,0.18
8.270,0.094879,0.990422,0.037758,-0.04,-0.06,-0.02,87.93,-3.63,0.18
8.280,0.055185,0.993326,0.039210,-0.16,0.08,-0.05,87.92,-3.61,0.18
8.290,0.046955,0.960409,0.044051,-0.71,0.37,0.32,87.89,-3.57,0.19
8.300,0.062446,1.109989,0.072612,-1.04,-0.05,0.70,87.81,-3.56,0.19
8.310,0.045987,0.975415,0.048892,-0.31,-0.03,-0.01,87.78,-3.52,0.19
8.320,0.073096,0.981224,0.050344,0.21,0.17,-0.52,87.76,-3.55,0.19
8.330,0.035338,1.003976,0.045503,0.06,0.09,-0.19,87.74,-3.49,0.19
8.340,0.021299,1.002039,0.043567,0.23,-0.13,0.34,87.74,-3.40,0.19
8.350,0.081809,0.996231,0.034369,0.23,-0.02,0.09,87.75,-3.45,0.19
8.360,0.060994,0.989453,0.041147,-0.04,0.41,0.18,87.74,-3.45,0.19
8.370,0.006777,0.960409,0.024688,0.25,-0.55,0.34,87.78,-3.33,0.19
8.380,0.066803,1.006396,0.016943,-0.23,-0.18,-0.21,87.83,-3.35,0.19
8.390,0.023720,0.985581,0.029045,-0.17,0.38,-0.35,87.84,-3.27,0.19
8.400,-0.016459,1.000103,0.041631,0.02,0.09,0.05,87.83,-3.10,0.19
8.410,0.044051,0.991874,0.038242,0.00,-0.30,0.20,87.83,-3.08,0.19
8.420,0.012102,0.986065,0.034369,0.13,-0.11,0.09,87.84,-2.99,0.19
8.430,0.001452,0.983160,0.038726,0.11,0.26,-0.16,87.84,-2.87,0.19
8.440,-0.001452,0.993326,0.040662,0.03,-0.13,-0.05,87.83,-2.75,0.19
8.450,-0.021783,0.989938,0.038242,0.01,-0.21,0.07,87.83,-2.59,0.19
8.460,0.036790,0.988969,0.039210,0.12,0.14,-0.05,87.83,-2.57,0.19
8.470,0.010166,0.992358,0.037758,0.20,0.07,-0.10,87.83,-2.49,0.19
8.480,0.025656,1.002039,0.036306,0.04,-0.17,-0.19,87.83,-2.45,0.19
8.490,0.035822,0.990422,0.041147,0.04,0.05,-0.05,87.82,-2.44,0.19
8.500,-0.030013,1.031084,0.041147,1.43,-0.11,0.92,87.83,-2.28,0.20
8.510,0.007261,0.983645,0.039694,0.06,-0.20,0.35,87.83,-2.20,0.20
8.520,-0.019363,0.943466,0.038726,0.60,-0.09,-0.33,87.83,-2.07,0.20
8.530,-0.033401,1.004944,0.034854,0.22,-0.02,-0.42,87.84,-1.91,0.19
8.540,-0.030981,0.988969,0.032917,0.33,-0.11,0.16,87.85,-1.76,0.19
8.550,-0.026140,0.995262,0.035338,0.15,0.01,0.37,87.86,-1.63,0.20
8.560,0.007745,0.981708,0.040662,0.08,-0.01,-0.05,87.85,-1.59,0.20
8.570,-0.029045,0.980740,0.037274,0.12,-0.11,-0.24,87.85,-1.46,0.19
8.580,-0.036306,1.001071,0.038242,0.04,-0.00,-0.04,87.85,-1.31,0.19
8.590,-0.035338,0.992358,0.039694,0.14,-0.01,0.20,87.84,-1.18,0.20
8.600,-0.023720,0.993326,0.038242,0.19,0.13,0.11,87.84,-1.08,0.20
8.610,-0.011134,0.990906,0.042599,0.21,0.16,0.14,87.83,-1.01,0.20
8.620,-0.016459,0.991874,0.038242,0.04,-0.02,0.17,87.83,-0.93,0.20
8.630,-0.023236,0.987033,0.039694,0.07,-0.31,-0.05,87.83,-0.84,0.20
8.640,-0.036790,0.992358,0.041147,-0.03,0.03,-0.10,87.82,-0.72,0.20
8.650,-0.038242,0.999135,0.039694,0.00,0.08,0.11,87.81,-0.60,0.20
8.660,-0.021783,0.994294,0.042599,0.04,-0.08,0.13,87.80,-0.53,0.20
8.670,0.004841,0.992358,0.035822,0.08,-0.03,-0.09,87.81,-0.52,0.20
8.680,-0.018879,1.016562,0.039210,0.21,0.11,-0.00,87.81,-0.46,0.20
8.690,-0.027592,0.994778,0.038242,0.16,0.08,0.15,87.81,-0.37,0.20
8.700,-0.035822,1.007364,0.040662,0.17,-0.03,0.20,87.81,-0.28,0.20
8.710,-0.027592,0.981708,0.036790,0.09,-0.22,-0.12,87.81,-0.20,0.20
8.720,-0.026624,0.997683,0.039210,0.04,-0.22,-0.40,87.81,-0.14,0.20
8.730,-0.029529,1.002524,0.040178,0.08,0.13,0.07,87.81,-0.06,0.20
8.740,-0.015006,1.000103,0.038726,0.12,0.13,0.30,87.81,-0.03,0.20
8.750,-0.020815,0.986065,0.039694,0.00,-0.15,0.16,87.80,0.02,0.20
8.760,-0.020331,0.987033,0.033885,0.09,-0.09,-0.09,87.81,0.07,0.20
8.770,-0.031949,0.997683,0.036790,0.03,0.10,-0.02,87.82,0.14,0.20
8.780,-0.030013,0.874243,0.039694,-0.02,0.07,0.17,87.80,0.21,0.20
8.790,-0.008713,0.994294,0.040662,-0.02,-0.03,0.08,87.79,0.22,0.21
8.800,-0.003389,0.987033,0.037758,0.13,-0.13,-0.06,87.79,0.22,0.20
8.810,0.001936,0.996715,0.037274,0.06,0.01,-0.01,87.80,0.21,0.20
8.820,0.020331,1.050931,0.045019,-0.21,0.37,-0.33,87.79,0.16,0.20
8.830,-0.045503,0.897963,0.034854,0.51,-0.20,-0.40,87.79,0.27,0.20
8.840,-0.009197,1.033504,0.035338,0.30,-0.34,0.36,87.80,0.27,0.20
8.850,0.011134,0.972511,0.027108,0.13,0.04,0.45,87.83,0.24,0.21
8.860,-0.030981,0.978804,0.030981,0.15,0.01,-0.05,87.84,0.30,0.21
8.870,-0.022268,0.991390,0.034854,0.05,-0.04,-0.30,87.85,0.34,0.20
8.880,0.002420,0.985097,0.036790,0.18,-0.02,-0.05,87.85,0.32,0.20
8.890,0.091006,0.983645,0.035822,-0.04,-0.10,-0.01,87.85,0.09,0.20
8.900,0.096331,0.988485,0.037274,-0.08,-0.04,0.08,87.85,-0.13,0.20
8.910,-0.029045,1.004460,0.043083,0.01,0.08,0.44,87.84,-0.06,0.21
8.920,-0.036306,0.993326,0.040662,0.08,-0.02,0.30,87.83,0.03,0.21
8.930,-0.016943,0.985097,0.045019,0.10,-0.11,-0.12,87.82,0.06,0.21
8.940,0.039210,1.000103,0.038242,0.27,-0.16,-0.17,87.82,-0.03,0.21
8.950,0.107465,0.975899,0.025656,0.86,0.42,-0.36,87.85,-0.28,0.20
8.960,0.074548,0.996231,0.028076,0.54,-0.13,-0.29,87.88,-0.44,0.20
8.970,0.003389,0.978320,0.033401,0.34,-0.43,0.38,87.89,-0.43,0.20
8.980,0.000484,0.991390,0.031465,0.19,-0.10,0.52,87.90,-0.42,0.21
8.990,0.050344,0.978804,0.035338,0.08,0.19,-0.22,87.91,-0.52,0.21
9.000,0.079873,0.988485,0.037758,0.17,0.02,-0.44,87.90,-0.68,0.20
9.010,0.067287,0.999619,0.033885,0.31,-0.22,-0.11,87.91,-0.81,0.20
9.020,0.075032,0.958957,0.031465,0.00,0.11,-0.32,87.92,-0.95,0.20
9.030,0.056637,0.981224,0.036306,0.18,-0.16,0.25,87.92,-1.05,0.20
9.040,0.043567,1.002524,0.035338,-0.25,-0.01,0.45,87.92,-1.11,0.21
9.050,0.052764,0.972027,0.037274,0.26,0.14,0.02,87.92,-1.19,0.21
9.060,0.085682,0.995262,0.040178,0.12,0.03,-0.27,87.91,-1.33,0.20
9.070,0.093911,0.995746,0.039694,0.01,-0.13,-0.09,87.90,-1.50,0.20
9.080,0.092459,0.994778,0.034369,0.15,-0.09,0.21,87.91,-1.65,0.20
9.090,0.117147,0.993326,0.031949,0.03,0.13,0.16,87.92,-1.85,0.21
9.100,0.097784,0.993810,0.033401,-0.04,0.01,-0.11,87.93,-2.00,0.20
9.110,0.003873,1.005428,0.039694,-0.10,0.01,0.27,87.92,-1.93,0.21
9.120,-0.026140,1.000587,0.037274,0.04,0.07,0.40,87.92,-1.79,0.21
9.130,0.053248,0.983645,0.036790,-0.15,-0.04,-0.18,87.91,-1.85,0.21
9.140,0.147643,0.981224,0.035338,-0.11,-0.10,-0.58,87.91,-2.12,0.20
9.150,0.152000,1.005428,0.037274,-0.01,0.07,0.03,87.91,-2.37,0.20
9.160,0.084713,0.989938,0.038726,0.05,0.06,0.64,87.90,-2.47,0.21
9.170,0.035338,0.991390,0.044051,0.13,-0.05,0.38,87.89,-2.46,0.21
9.180,0.030497,0.973479,0.036790,0.11,-0.06,-0.20,87.89,-2.43,0.21
9.190,0.062446,0.995746,0.034854,0.10,-0.05,-0.41,87.89,-2.48,0.21
9.200,0.101172,0.992842,0.032917,0.13,0.06,-0.02,87.90,-2.61,0.21
9.210,0.132153,0.989453,0.034369,0.03,0.01,0.25,87.91,-2.81,0.21
9.220,0.110370,0.988485,0.028561,0.03,-0.11,0.25,87.92,-2.95,0.21
9.230,0.060026,0.996715,0.031465,-0.14,0.02,0.02,87.93,-2.97,0.21
9.240,0.036790,0.988001,0.034854,-0.11,0.13,-0.11,87.93,-2.94,0.21
9.250,0.062930,0.997199,0.036790,0.04,0.01,-0.05,87.93,-2.97,0.21
9.260,0.097299,0.981224,0.038726,0.06,-0.06,-0.04,87.93,-3.07,0.21
9.270,0.113274,0.989453,0.038726,-0.02,-0.03,-0.05,87.92,-3.21,0.21
9.280,0.098268,0.998167,0.041147,-0.05,-0.01,0.07,87.91,-3.31,0.21
9.290,0.055669,0.992358,0.044535,0.08,0.02,0.20,87.89,-3.30,0.21
9.300,0.053248,0.980256,0.042115,0.03,-0.00,0.02,87.88,-3.30,0.21
9.310,0.057121,0.984613,0.041147,0.30,-0.13,-0.17,87.87,-3.30,0.21
9.320,0.100688,0.993326,0.037274,0.16,-0.06,-0.19,87.87,-3.40,0.21
9.330,0.100688,0.992358,0.035822,0.17,0.08,0.02,87.87,-3.49,0.21
9.340,0.093427,0.997199,0.032917,0.04,0.03,0.22,87.88,-3.57,0.21
9.350,0.056153,0.995746,0.035822,-0.03,-0.05,0.10,87.88,-3.55,0.21
9.360,0.042599,0.989938,0.038726,-0.03,0.02,-0.13,87.88,-3.51,0.21
9.370,0.056153,1.000103,0.036306,-0.18,0.02,-0.17,87.88,-3.50,0.21
9.380,0.091491,1.003976,0.038242,-0.17,0.04,-0.05,87.87,-3.57,0.21
9.390,0.085682,0.988001,0.037758,-0.19,0.06,-0.02,87.87,-3.62,0.21
9.400,0.082777,0.988969,0.041631,-0.27,-0.00,-0.15,87.86,-3.67,0.21
9.410,0.050828,0.953632,0.038242,-0.60,0.24,0.44,87.84,-3.64,0.21
9.420,0.039210,1.098855,0.067771,-0.29,0.11,0.78,87.79,-3.57,0.22
9.430,0.061478,0.983645,0.042599,-0.45,0.05,-0.03,87.77,-3.57,0.22
9.440,0.034854,1.007364,0.049376,-0.12,0.09,-0.53,87.75,-3.51,0.22
9.450,0.052764,1.017530,0.045019,-0.03,0.08,-0.15,87.74,-3.49,0.21
9.460,0.063414,0.999619,0.039210,0.27,-0.09,0.29,87.74,-3.49,0.22
9.470,0.046471,1.008817,0.025656,0.24,0.10,0.29,87.77,-3.46,0.22
9.480,0.048892,0.986065,0.031949,-0.03,0.24,0.34,87.79,-3.43,0.22
9.490,0.005809,0.955568,0.028561,0.16,-0.65,0.25,87.81,-3.31,0.23
9.500,0.056153,0.971059,0.022752,-0.18,-0.05,-0.51,87.84,-3.31,0.22
9.510,0.014038,0.992842,0.034854,0.14,0.47,-0.33,87.85,-3.21,0.22
9.520,-0.017427,0.995746,0.037758,0.06,-0.07,0.27,87.85,-3.04,0.22
9.530,0.038242,0.995746,0.040662,-0.09,-0.30,0.30,87.84,-3.01,0.22
9.540,0.032917,0.986549,0.042115,0.08,0.06,-0.05,87.83,-2.97,0.22
9.550,-0.013554,0.992842,0.040662,0.03,0.15,-0.21,87.82,-2.81,0.22
9.560,-0.004357,0.996231,0.043083,0.11,-0.11,0.02,87.81,-2.69,0.22
9.570,0.008713,0.994294,0.036306,0.16,-0.15,0.12,87.82,-2.61,0.22
9.580,0.051312,0.997199,0.040662,0.07,0.15,-0.05,87.81,-2.62,0.22
9.590,0.034369,0.986065,0.039210,0.22,0.08,-0.14,87.81,-2.59,0.22
9.600,0.003873,1.011237,0.035338,0.11,-0.16,-0.05,87.82,-2.50,0.22
9.610,-0.000484,0.991874,0.041147,-0.09,0.30,0.04,87.81,-2.40,0.22
9.620,-0.024204,1.045606,0.043567,1.63,-0.00,0.78,87.82,-2.25,0.23
9.630,-0.016459,0.964281,0.030497,0.26,-0.20,0.30,87.84,-2.12,0.23
9.640,-0.000968,0.987033,0.039210,0.49,-0.19,-0.45,87.84,-2.03,0.23
9.650,-0.020331,1.007364,0.036306,0.16,0.04,-0.42,87.84,-1.91,0.22
9.660,-0.030981,0.998651,0.036790,0.11,-0.00,0.17,87.84,-1.76,0.22
9.670,-0.010650,0.988969,0.039694,0.14,-0.04,0.37,87.84,-1.66,0.23
9.680,-0.014522,0.988485,0.040178,0.10,-0.03,-0.03,87.83,-1.56,0.23
9.690,-0.017427,0.990906,0.040178,0.18,-0.07,-0.26,87.83,-1.46,0.22
9.700,-0.034854,1.006396,0.036790,0.18,-0.07,0.01,87.83,-1.33,0.22
9.710,-0.030497,0.987517,0.038242,0.18,0.01,0.13,87.83,-1.20,0.23
9.720,-0.017427,0.991874,0.035822,0.30,0.08,0.09,87.84,-1.11,0.23
9.730,-0.017911,0.990422,0.032433,0.22,0.09,0.19,87.85,-1.03,0.23
9.740,-0.015006,0.991874,0.031465,0.12,0.02,0.21,87.87,-0.95,0.23
9.750,-0.018395,0.970574,0.032433,-0.04,-0.14,-0.05,87.88,-0.87,0.23
9.760,-0.040178,0.996715,0.039210,-0.07,-0.11,-0.19,87.87,-0.74,0.23
9.770,-0.039210,0.995262,0.038242,0.14,0.01,-0.03,87.87,-0.62,0.23
9.780,-0.018395,0.999135,0.041147,0.11,-0.00,0.13,87.86,-0.56,0.23
9.790,-0.014038,0.988001,0.044051,0.19,-0.17,0.09,87.85,-0.50,0.23
9.800,-0.024204,0.991390,0.038726,0.21,0.04,0.01,87.85,-0.43,0.23
9.810,-0.038242,0.992358,0.034369,0.20,0.08,0.01,87.85,-0.32,0.23
9.820,-0.043083,0.982192,0.035822,-0.08,-0.05,0.16,87.86,-0.21,0.23
9.830,-0.020815,0.988969,0.039210,0.06,-0.32,-0.18,87.85,-0.15,0.23
9.840,-0.021299,0.997683,0.032917,0.10,-0.25,-0.34,87.86,-0.10,0.23
9.850,-0.025656,0.991874,0.034854,0.09,0.26,0.13,87.87,-0.04,0.23
9.860,-0.011134,0.995262,0.035822,0.06,0.02,0.27,87.87,-0.01,0.23
9.870,-0.015006,0.982192,0.031465,-0.02,-0.30,0.04,87.88,0.02,0.23
9.880,-0.019363,0.988001,0.031949,0.09,-0.12,-0.07,87.89,0.07,0.23
9.890,-0.029529,1.001071,0.033885,0.13,0.17,0.08,87.90,0.13,0.23
9.900,-0.016459,0.993326,0.040178,0.07,0.12,0.04,87.89,0.17,0.23
9.910,-0.002904,0.990906,0.042115,0.06,-0.13,-0.01,87.88,0.17,0.23
9.920,-0.010650,0.999135,0.044051,-0.03,-0.06,0.06,87.87,0.18,0.23
9.930,-0.008713,0.998167,0.034369,-0.01,0.03,0.16,87.87,0.20,0.23
9.940,0.002420,1.051415,0.043083,-0.17,0.28,-0.34,87.86,0.19,0.23
9.950,-0.040662,0.904256,0.033401,0.50,-0.08,-0.59,87.87,0.28,0.22
9.960,-0.016943,1.050931,0.037758,0.13,-0.21,0.43,87.87,0.30,0.23
9.970,0.018395,0.971543,0.033885,0.07,0.02,0.57,87.88,0.25,0.23
9.980,-0.006777,0.988969,0.041147,0.00,0.08,0.09,87.87,0.25,0.23
9.990,-0.034369,0.991390,0.039210,0.04,0.01,-0.26,87.86,0.32,0.23
